PK,Rank,,,Artist,Title,Label,Wks On,Points,,,Spins,,,Dayparts,,,,,Impressions,,,,,Stations,,Avg. Station Rotations,,,,w/o OVN,,6am to 7pm,,Format By Format Rank,,,,,,,,,,,,
,LW,TW,,,,,,TW,LW,+/-,TW,LW,+/-,OVN,AMD,MID,PMD,EVE,TW,LW,+/-,rTW,rLW,On,New,On,TW,LW,+/-,Rank,TW,Rank,TW,AC,Hot AC,Country,Gospel,Top 40,Triple A,Active Rock,Alternative,Urban,R&B,Rhythmic,Dance,Big Picture
1,4,1,Yes,LUKE COMBS,Where The Wild Things Are,River House/Columbia Nash,18,32572,25672,6900,8920,7034,1886,2794,1184,1688,1306,1948,34.033,27.82,6.213,2,4,157,0,157,56.8,44.8,12,1,6126,3,4178,-,-,1,-,-,-,-,-,-,-,-,-,25
2,2,2,Yes,WARREN ZEIDERS,Pretty Little Poison,Warner/WEA,30,30300,28444,1856,8268,7829,439,2169,997,1814,1420,1868,36.44,34.085,2.355,1,2,157,0,157,52.7,49.9,2.8,2,6099,2,4231,-,-,2,-,253,-,-,-,-,-,-,-,28
3,3,3,Yes,CODY JOHNSON,The Painter,CoJo/Warner/WMN,27,27788,26807,981,7454,7260,194,2077,888,1572,1243,1674,33.084,31.966,1.118,3,3,157,0,157,47.5,46.2,1.2,3,5377,4,3703,-,-,3,-,261,-,-,-,-,-,-,-,34
4,6,4,Yes,KANE BROWN,I Can Feel It,RCA Nashville,22,24903,23161,1742,6700,6282,418,1989,736,1416,1065,1494,29.341,25.139,4.202,4,6,157,0,157,42.7,40,2.7,6,4711,7,3217,-,-,4,-,254,-,-,-,-,-,-,-,40
5,5,5,Yes,HARDY,TRUCK BED,Big Loud Rock/Big Loud,38,24651,23581,1070,6711,6482,229,1963,747,1399,1110,1492,27.463,26.296,1.167,5,5,157,0,157,42.7,41.3,1.5,5,4748,6,3256,-,-,5,-,320,-,-,-,-,-,-,-,39
6,7,6,Yes,THOMAS RHETT,Mamaw's House f/Morgan Wallen,Valory/Big Loud,20,23588,21138,2450,6569,5952,617,1800,813,1418,1128,1410,26.346,24.093,2.253,6,7,155,0,155,42.4,38.4,4,4,4769,5,3359,-,-,6,-,231,-,-,-,-,-,-,-,42
7,9,7,Yes,PARKER MCCOLLUM,Burn It Down,MCA Nashville,33,18919,18430,489,5064,4932,132,1531,505,1061,814,1153,21.375,20.792,0.583,7,8,157,0,157,32.3,31.4,0.8,8,3533,12,2380,-,-,7,-,812,-,-,-,-,-,-,-,55
8,8,8,Yes,CHAYCE BECKHAM,23,Wheelhouse,46,18818,18691,127,5156,5106,50,1643,562,1026,824,1101,20.428,19.701,0.727,9,9,157,0,157,32.8,32.5,0.3,9,3513,11,2412,-,-,8,-,385,-,-,-,-,-,-,-,54
9,12,9,Yes,MORGAN WALLEN,Man Made A Bar f/Eric Church,Big Loud/EMI/Mercury,13,18269,16776,1493,4852,4423,429,1283,568,973,784,1244,20.797,18.726,2.071,8,10,155,0,155,31.3,28.5,2.8,7,3569,13,2325,-,-,9,-,-,-,-,-,-,-,-,-,62
10,11,10,Yes,CONNER SMITH,Creek Will Rise,Valory Music Co.,45,17288,17243,45,4656,4652,4,1471,449,887,731,1118,17.611,17.284,0.327,10,11,157,0,157,29.7,29.6,0,10,3185,17,2067,-,-,10,-,709,-,-,-,-,-,-,-,65
11,15,11,Yes,LAINEY WILSON,Wildflowers And Wild Horses,Broken Bow,13,14917,13190,1727,4101,3598,503,1408,402,666,555,1070,15.97,14.256,1.714,11,14,157,0,157,26.1,22.9,3.2,14,2693,23,1623,-,-,11,-,396,-,-,-,-,-,-,-,74
12,13,12,Yes,SCOTTY MCCREERY,Cab In A Solo,Triple Tigers,26,14879,14072,807,4035,3859,176,1396,381,683,585,990,15.819,13.922,1.897,14,15,157,0,157,25.7,24.6,1.1,15,2639,22,1649,-,-,12,-,252,-,-,-,-,-,-,-,79
1,1,13,,RILEY GREEN,Different Round Here f/L.Combs,BMLG,39,14511,32264,-17753,4039,8795,-4756,935,566,898,689,951,15.91,35.27,-19.36,12,1,153,0,153,25.7,56,-30.3,11,3104,14,2153,-,-,13,-,799,-,-,-,-,-,-,-,78
14,14,14,Yes,JORDAN DAVIS,Tucson Too Late,MCA Nashville,25,14307,13597,710,3868,3748,120,1131,415,775,656,891,15.865,14.726,1.139,13,12,156,0,156,24.8,24,0.8,13,2737,19,1846,-,-,14,-,691,-,-,-,-,-,-,-,83
15,17,15,Yes,TYLER HUBBARD,Back Then Right Now,EMI Nashville,23,14224,12399,1825,3978,3460,518,1148,421,785,656,968,15.268,12.953,2.315,15,17,156,1,156,25.5,22.2,3.3,12,2830,18,1862,-,-,15,-,726,-,-,-,-,-,-,-,81
14,16,16,Yes,JACKSON DEAN,Fearless,Big Machine,54,13783,13139,644,3663,3567,96,1400,350,572,466,875,14.752,13.418,1.334,16,16,156,0,156,23.5,22.9,0.6,16,2263,28,1388,-,-,16,-,695,-,-,-,-,-,-,-,86
17,18,17,Yes,CARLY PEARCE,We Don't Fight...f/C.Stapleton,Big Machine,35,11868,11646,222,3237,3209,28,1094,324,557,442,820,12.218,11.741,0.477,17,18,156,0,156,20.8,20.6,0.2,17,2143,29,1323,-,-,17,-,690,-,-,-,-,-,-,-,104
18,20,18,Yes,KENNY CHESNEY,Take Her Home,Warner Nashville/WEA,15,11444,10558,886,3120,2880,240,1066,311,471,433,839,11.542,10.224,1.318,18,20,156,0,156,20,18.5,1.5,18,2054,34,1215,-,-,18,-,712,-,-,-,-,-,-,-,108
18,19,19,Yes,GABBY BARRETT,Glory Days,Warner Nashville/WAR,37,11121,10962,159,3140,3093,47,1125,264,547,426,778,10.876,10.307,0.569,20,19,157,0,157,20,19.7,0.3,19,2015,31,1237,-,-,19,-,-,-,-,-,-,-,-,-,106
20,24,20,Yes,SAM HUNT,Outskirts,MCA Nashville,27,10155,8541,1614,2731,2308,423,845,237,470,437,742,11.033,8.928,2.105,19,21,151,2,151,18.1,15.3,2.8,21,1886,35,1144,-,-,20,-,605,-,-,-,-,-,-,-,120
21,23,21,Yes,ASHLEY COOKE,your place,Big Loud,9,9846,8727,1119,2754,2440,314,852,244,522,455,681,10.399,8.786,1.613,21,23,149,4,149,18.4,16.3,2.1,20,1902,33,1221,-,-,21,-,255,-,-,-,-,-,-,-,119
22,22,22,Yes,CARRIE UNDERWOOD,Out Of That Truck,Capitol Nashville,35,9323,9061,262,2515,2433,82,912,265,325,320,693,9.117,8.867,0.25,23,22,151,0,151,16.7,16.1,0.5,22,1603,40,910,-,-,22,-,599,-,-,-,-,-,-,-,128
23,26,23,Yes,BAILEY ZIMMERMAN,Where It Ends,Warner/WEA/Elektra,18,8915,7885,1030,2416,2094,322,845,207,374,324,666,9.42,7.664,1.756,22,25,153,1,153,15.8,13.7,2.1,23,1571,41,905,-,-,23,-,-,-,-,-,-,-,-,-,139
24,25,24,Yes,MEGAN MORONEY,I'm Not Pretty,Columbia/Columbia Nash,26,8437,8396,41,2261,2260,1,731,180,326,321,703,7.533,7.599,-0.066,27,26,153,1,153,14.8,14.8,0,24,1530,44,827,-,-,24,-,319,-,-,-,-,-,-,-,142
24,27,25,Yes,OLD DOMINION,Can't Break Up Now f/M.Moroney,Columbia Nashville,20,8418,7757,661,2328,2145,183,850,238,304,268,668,8.459,7.917,0.542,25,24,156,0,156,14.9,13.8,1.2,26,1478,46,810,-,-,25,-,322,-,-,-,-,-,-,-,141
26,30,26,Yes,JELLY ROLL,Halfway To Hell,Stoney Creek/BMG,4,8174,6432,1742,2158,1679,479,649,128,402,334,645,9.088,7.088,2,24,27,154,20,154,14,10.9,3.1,25,1509,42,864,-,-,26,-,609,-,-,-,-,-,-,-,145
27,28,27,Yes,JASON ALDEAN,Let Your Boys Be Country,Macon Music/Broken Bow,11,7572,7347,225,1987,1937,50,694,180,278,229,606,7.007,6.957,0.05,28,28,151,5,151,13.2,12.8,0.3,28,1293,52,687,-,-,27,-,591,-,-,-,-,-,-,-,153
1,21,28,,CHRIS JANSON,All I Need Is You,BMLG,50,6625,10461,-3836,1682,2670,-988,317,279,394,270,422,7.608,14.717,-7.109,26,13,145,0,145,11.3,17.9,-6.6,27,1365,39,943,-,-,28,-,-,-,-,-,-,-,-,-,178
27,29,29,,ZACH BRYAN,I Remember... f/K. Musgraves,Warner/WAR,23,6551,6705,-154,1879,1900,-21,660,231,294,246,448,5.273,5.352,-0.079,32,30,145,0,145,12.9,13,-0.1,29,1219,48,771,137,20,29,-,32,-,-,-,-,-,-,439,77
30,31,30,Yes,CHASE MATTHEW,Love You Again,Warner/WAR,24,6389,6148,241,1767,1705,62,712,143,193,190,529,5.67,5.291,0.379,30,31,148,5,148,11.6,11.2,0.4,30,1055,60,526,-,-,30,-,-,-,-,-,-,-,-,-,168
31,32,31,Yes,BRYAN MARTIN,We Ride,Avg Joes/New Revolution,17,6106,5888,218,1607,1539,68,626,121,233,195,432,5.427,4.986,0.441,31,32,137,2,137,11.6,11.2,0.5,31,981,57,549,-,-,31,-,355,-,-,-,-,-,-,-,186
32,33,32,Yes,CHRIS YOUNG,Young Love & Saturday Nights,RCA Nashville,19,5504,5489,15,1414,1394,20,586,93,184,158,393,6.008,5.932,0.076,29,29,131,9,131,10.8,10.6,0.2,32,828,62,435,-,-,32,-,606,-,-,-,-,-,-,-,213
33,36,33,Yes,DILLON CARMICHAEL,Drinkin' Problems,Riser House,29,5128,4987,141,1447,1466,-19,692,84,152,131,388,3.926,2.859,1.067,34,35,146,4,146,9.9,10,-0.1,33,755,66,367,-,-,33,-,-,-,-,-,-,-,-,-,205
30,35,34,Yes,GARTH BROOKS & RONNIE DUNN,Rodeo Man,Big Machine,15,5075,5055,20,1445,1430,15,753,41,66,105,480,2.215,2.121,0.094,42,40,150,0,150,9.6,9.5,0.1,35,692,92,212,-,-,34,-,732,-,-,-,-,-,-,-,206
34,34,35,,JON PARDI & LUKE BRYAN,Cowboys And Plowboys,Capitol Nashville,18,4914,5141,-227,1250,1289,-39,543,76,122,91,418,4.584,4.782,-0.198,33,33,129,2,129,9.6,9.9,-0.3,34,707,78,289,-,-,35,-,904,-,-,-,-,-,-,-,246
36,38,36,Yes,MICHAEL RAY,Spirits And Demons f/M.Patrick,Warner/WEA/Riser House,19,4310,4061,249,1079,1009,70,486,66,109,93,325,2.789,2.597,0.192,38,38,117,3,117,9.2,8.6,0.6,38,593,81,268,-,-,36,-,323,-,-,-,-,-,-,-,295
37,37,37,Yes,PARMALEE,Gonna Love You,Stoney Creek,13,4243,4076,167,1265,1226,39,606,83,168,131,277,2.593,2.62,-0.027,40,36,114,2,114,11,10.7,0.3,36,659,64,382,-,-,37,-,-,-,-,-,-,-,-,-,242
38,39,38,Yes,JUSTIN MOORE,This Is My Dirt,Valory Music Co.,12,3916,3701,215,1098,1066,32,508,79,133,108,270,3.452,3.504,-0.052,35,34,117,6,117,9.4,9.1,0.3,39,590,73,320,-,-,38,-,-,-,-,-,-,-,-,-,289
39,40,39,Yes,BRETT YOUNG,Dance With You,BMLG,15,3825,3338,487,1133,955,178,522,73,133,109,296,2.406,1.887,0.519,41,42,94,4,94,12.1,10.2,1.9,37,611,75,315,-,-,39,-,-,-,-,-,-,-,-,-,276
40,44,40,Yes,TIM MCGRAW,One Bad Habit,Big Machine,3,3460,2803,657,923,729,194,449,34,74,64,302,2.952,2.618,0.334,37,37,120,21,120,7.7,6.1,1.6,44,474,96,172,-,-,40,-,-,-,-,-,-,-,-,-,363
41,42,41,Yes,ZACH TOP,Sounds Like The Radio,Leo33,5,3407,2964,443,925,834,91,444,51,108,85,237,3.1,1.9,1.2,36,41,103,14,103,9,8.1,0.9,43,481,86,244,-,-,41,-,-,-,-,-,-,-,-,-,362
41,41,42,Yes,TYLER CHILDERS,In Your Love,Hickman Holler/RCA,7,3160,3045,115,916,930,-14,460,46,92,75,243,2.784,1.796,0.988,39,44,93,5,93,9.7,9.9,-0.1,45,456,91,213,-,-,42,-,-,-,-,-,-,-,-,-,312
43,43,43,Yes,DUSTIN LYNCH,Chevrolet f/Jelly Roll,Broken Bow,6,3090,2891,199,885,843,42,394,65,128,100,198,2.076,1.786,0.29,44,45,85,5,85,10.3,9.8,0.5,41,491,77,293,-,-,43,-,-,-,-,-,-,-,-,-,381
44,53,44,Yes,DAN + SHAY,Bigger Houses,Warner/WAR,1,2779,1955,824,687,465,222,370,30,65,53,169,1.672,1.022,0.65,47,53,92,17,92,7.3,4.9,2.4,48,317,100,148,-,-,44,-,-,-,-,-,-,-,-,-,517
45,45,45,,CHRIS LANE,Find Another Bar,Red Street,8,2777,2783,-6,819,820,-1,407,39,73,68,232,1.832,1.817,0.015,46,43,89,8,89,8.8,8.8,0,46,412,94,180,-,-,45,-,-,-,-,-,-,-,-,-,415
43,46,46,Yes,LADY A,Love You Back,BMLG,9,2668,2658,10,777,754,23,416,25,35,29,272,1.094,1.055,0.039,53,51,109,6,109,6.7,6.5,0.2,47,361,115,89,-,-,46,-,-,-,-,-,-,-,-,-,443
47,48,47,Yes,DREW BALDRIDGE,She's Somebody's Daughter,Lyric Ridge,4,2606,2380,226,857,797,60,373,37,119,68,260,1.385,1.155,0.23,50,50,114,30,114,7.5,6.9,0.5,42,484,89,224,-,-,47,-,-,-,-,-,-,-,-,-,397
48,50,48,Yes,JOE NICHOLS,Brokenhearted,Quartz Hill,6,2444,2327,117,711,687,24,398,29,50,57,177,1.196,1.035,0.161,51,52,70,3,70,9.6,9.3,0.3,49,313,102,136,-,-,48,-,-,-,-,-,-,-,-,-,493
49,51,49,Yes,HAILEY WHITTERS,I'm In Love,Big Loud,1,2365,2235,130,647,618,29,342,23,49,53,180,1.404,1.35,0.054,49,47,82,5,82,7.9,7.5,0.4,50,305,104,125,-,-,49,-,-,-,-,-,-,-,-,-,558
50,-,50,Yes,BEYONCE,Texas Hold 'Em,Parkwood/ColNash/Columbia,1,2308,0,2308,679,0,679,175,183,55,85,181,2.196,0,2.196,43,295,126,126,126,5.4,0,5.4,40,504,72,323,64,37,50,-,30,131,-,344,52,29,40,-,101
51,62,51,Yes,NATE SMITH,Bulletproof,RCA Nashville,-,2253,1055,1198,487,247,240,203,32,64,72,116,1.924,1.27,0.654,45,49,58,30,58,7.9,4,3.9,51,284,97,168,-,-,51,-,-,-,-,-,-,-,-,-,819
50,52,52,,HUNTERGIRL,Ain't About You,Wheelhouse,1,2017,2025,-8,648,655,-7,380,32,42,56,138,0.911,0.9,0.011,54,55,75,5,75,7.7,7.8,-0.1,52,268,103,130,-,-,52,-,-,-,-,-,-,-,-,-,554
53,54,53,Yes,DYLAN MARLOWE & DYLAN SCOTT,Boys Back Home,Columbia Nash/Curb/PIA,-,2005,1904,101,566,549,17,309,29,46,49,133,1.148,0.976,0.172,52,54,69,3,69,7.5,7.3,0.2,53,257,105,124,-,-,53,-,-,-,-,-,-,-,-,-,673
54,55,54,Yes,MATT STELL,Breakin' In Boots,RECORDS Nashville,-,1513,1503,10,507,511,-4,302,22,32,38,113,0.675,0.595,0.08,56,58,69,5,69,6.4,6.5,-0.1,55,205,114,92,-,-,54,-,-,-,-,-,-,-,-,-,778
55,59,55,Yes,TIGIRLILY GOLD,I Tried A Ring On,Monument,-,1434,1246,188,417,369,48,244,8,22,25,118,0.659,0.531,0.128,57,60,70,13,70,5.9,5.2,0.7,56,173,131,55,-,-,55,-,-,-,-,-,-,-,-,-,975
53,57,56,Yes,HIXTAPE,Pickup Man f/Post Malone ...,Big Loud/Mercury/Republic,-,1426,1359,67,314,300,14,82,23,46,42,121,1.47,1.333,0.137,48,48,64,1,64,4.7,4.5,0.2,54,232,110,111,-,-,56,-,966,-,-,-,-,-,-,-,1266
57,58,57,Yes,RUNAWAY JUNE,Make Me Wanna Smoke,Quartz Hill,-,1401,1311,90,416,413,3,265,14,31,31,75,0.531,0.566,-0.035,59,59,44,1,44,9.2,9.2,0.1,59,151,121,76,-,-,57,-,-,-,-,-,-,-,-,-,977
54,56,58,,RYAN LARKINS,King Of Country Music,Red Street,-,1392,1427,-35,401,403,-2,230,9,33,29,100,0.638,0.689,-0.051,58,56,55,1,55,7,7.1,0,57,171,124,71,-,-,58,-,-,-,-,-,-,-,-,-,1009
59,60,59,Yes,RANDY HOUSER,Cancel,Magnolia Music,-,1218,1142,76,363,342,21,245,7,15,17,79,0.345,0.357,-0.012,68,64,46,1,46,7.4,7,0.4,66,118,139,39,-,-,59,-,-,-,-,-,-,-,-,-,1112
60,61,60,Yes,RESTLESS ROAD,Last Rodeo,RCA Nashville,-,1169,1087,82,307,293,14,205,11,11,13,67,0.357,0.362,-0.005,67,63,45,3,45,5.6,5.3,0.3,68,102,143,35,-,-,60,-,-,-,-,-,-,-,-,-,1296
58,63,61,,NEON UNION,This Side Of The Dirt,Red Street,-,1024,1055,-31,326,336,-10,217,7,14,13,75,0.319,0.296,0.023,69,67,44,2,44,6.8,7,-0.2,67,109,145,34,-,-,61,-,-,-,-,-,-,-,-,-,1231
47,47,62,,TOBY KEITH,Don't Let The Old Man In,Show Dog/BMLGR,1,1001,2400,-1399,281,671,-390,160,6,29,16,70,0.428,1.585,-1.157,63,46,89,1,89,2,4.9,-2.8,64,121,133,51,-,-,62,-,-,-,-,-,-,-,-,-,1409
63,71,63,Yes,CHRIS STAPLETON,Think I'm In Love With You,Mercury Nashville,-,995,422,573,275,103,172,130,16,29,29,71,0.488,0.183,0.305,61,74,45,34,45,6.1,2.3,3.8,60,145,123,74,-,-,63,-,-,-,-,-,-,222,-,-,1400
63,64,64,Yes,ANNE WILSON,Rain In The Rearview,Sparrow/EMI Nashville,-,990,955,35,332,319,13,208,7,17,10,90,0.278,0.268,0.01,73,69,48,1,48,6.8,6.5,0.3,63,124,146,34,-,-,64,-,-,-,-,-,-,-,-,-,1216
65,74,65,Yes,DYLAN SCOTT,This Town's Been Too Good To..,Curb,-,965,297,668,286,72,214,161,13,23,11,78,0.313,0.054,0.259,70,95,50,35,50,5.4,1.4,4,62,125,134,47,-,-,65,-,-,-,-,-,-,-,-,-,1381
64,66,66,Yes,CAROLINE JONES/ZAC BROWN BAND,Million Little Bandaids,True To The Song,-,899,850,49,317,305,12,152,12,17,27,109,0.257,0.264,-0.007,77,70,42,3,42,7.4,7.1,0.3,58,165,129,56,-,-,66,-,-,-,-,-,-,-,-,-,1258
58,65,67,,IAN MUNSICK,Long Live Cowgirls,Warner/WEA,-,827,914,-87,243,264,-21,99,46,22,13,63,0.514,0.489,0.025,60,61,56,32,56,3.9,4.3,-0.3,61,144,119,81,-,-,67,-,-,-,-,-,-,-,-,-,1584
66,67,68,Yes,KELSEY HART,Life With You,Curb,-,796,726,70,270,272,-2,173,17,18,21,41,0.281,0.231,0.05,72,71,50,7,50,5.4,5.4,0,70,97,130,56,-,-,68,-,-,-,-,-,-,-,-,-,1463
69,69,69,Yes,CODY JOHNSON,Dirt Cheap,CoJo/Warner/WMN,-,735,573,162,168,137,31,49,12,42,29,36,0.817,0.687,0.13,55,57,17,6,17,8.4,6.8,1.6,65,119,117,83,-,-,69,-,-,-,-,-,-,-,-,-,2098
49,49,70,,GWEN STEFANI & BLAKE SHELTON,Purple Irises,Warner/Interscope/WMN,1,705,2331,-1626,191,653,-462,111,12,22,13,33,0.395,2.525,-2.13,65,39,43,18,43,2,6.7,-4.8,73,80,135,47,28,32,70,-,-,-,-,503,-,-,-,-,606
67,68,71,,ANNIE BOSKO,Neon Baby,Stone Country,-,651,715,-64,208,226,-18,138,10,9,17,34,0.21,0.27,-0.06,79,68,34,2,34,5.1,5.5,-0.4,75,70,140,36,-,-,71,-,-,-,-,-,-,-,-,-,1775
72,84,72,Yes,MORGAN WALLEN,Spin You Around (2024),Big Loud/Mercury,-,400,172,228,107,56,51,33,11,21,20,22,0.407,0.155,0.252,64,76,9,3,9,10.7,5.6,5.1,74,74,132,52,-,-,72,-,-,-,-,-,-,-,-,-,2856
64,70,73,,MADDIE & TAE,Heart They Didn't Break,Mercury Nashville,-,390,573,-183,141,209,-68,74,6,15,14,32,0.134,0.172,-0.038,84,75,22,0,22,5.2,7.7,-2.5,77,67,144,35,-,-,73,-,-,-,-,-,-,-,-,-,2373
69,76,74,Yes,TAYLOR SWIFT,Mean (Taylor's Version),Republic,-,336,272,64,85,51,34,55,5,10,7,8,0.262,0.346,-0.084,75,65,58,38,58,1.4,0.9,0.6,84,30,155,22,-,-,74,-,-,-,-,-,-,-,-,-,-
75,-,75,Yes,IAN MUNSICK,White Buffalo,Warner/WEA,-,314,0,314,99,0,99,0,89,0,0,10,0.449,0,0.449,62,466,48,48,48,2.1,0,2.1,69,99,116,89,-,-,75,-,-,-,-,-,-,-,-,-,-
72,73,76,Yes,CODY JINKS,Outlaws And Mustangs,Late August/The Orchard,-,310,315,-5,59,59,0,13,6,13,11,16,0.167,0.194,-0.027,81,72,5,0,5,11.8,11.8,0,81,46,148,30,-,-,76,-,-,-,-,-,-,-,-,-,-
77,107,77,Yes,MACKENZIE PORTER,Pay Me Back In Change,Big Loud,-,308,83,225,85,25,60,0,13,18,0,54,0.272,0.131,0.141,74,80,57,34,57,1.4,0.4,1,71,85,147,31,-,-,77,-,-,-,-,-,-,-,-,-,-
77,77,78,Yes,MEGAN MORONEY,No Caller ID,Columbia/Columbia Nash,-,307,246,61,84,52,32,33,3,15,11,22,0.228,0.193,0.035,78,73,4,0,4,16.8,10.4,6.4,78,51,149,29,-,-,78,-,-,-,-,-,-,-,-,-,-
71,75,79,,JAY ALLEN,No Present Like The Time,ONErpm/16camino,-,269,292,-23,100,108,-8,69,10,3,2,16,0.027,0.042,-0.015,135,105,18,0,18,5.3,5.7,-0.4,82,31,164,15,-,-,79,-,-,-,-,-,-,-,-,-,2978
71,72,80,,RED CLAY STRAYS,Wondering Why,HBYCO/Thirty Tigers,-,267,327,-60,37,48,-11,13,0,7,7,10,0.261,0.412,-0.151,76,62,2,0,2,7.4,9.6,-2.2,87,24,166,14,-,-,80,-,-,6,-,-,-,-,-,-,584
81,-,81,Yes,IAN MUNSICK,Heartbreak King,Warner/WEA,-,255,0,255,83,0,83,0,83,0,0,0,0.394,0,0.394,66,465,41,41,41,2,0,2,72,83,118,83,-,-,81,-,-,-,-,-,-,-,-,-,-
76,83,82,Yes,AUSTIN SNELL,Pray All The Way Home,River House/WMN,-,232,178,54,63,48,15,63,0,0,0,0,0.046,0.038,0.008,113,107,16,0,16,3.9,3,0.9,556,0,495,0,-,-,82,-,-,-,-,-,-,-,-,-,-
83,-,83,Yes,FALL OUT BOY,We Didn't Start The Fire,Fueled By Ramen/3EE,-,203,0,203,68,0,68,0,68,0,0,0,0.308,0,0.308,71,361,35,35,35,1.9,0,1.9,76,68,125,68,-,-,83,-,-,-,52,-,-,-,-,-,200
84,263,84,Yes,RUNAWAY JUNE,Fine Wine,Quartz Hill,-,182,7,175,50,2,48,0,2,0,0,48,0.088,0.009,0.079,91,183,50,50,50,1,0,0.9,79,50,235,2,-,-,84,-,-,-,-,-,-,-,-,-,-
85,224,85,Yes,ABBY ANDERSON,The Reason I Stay,Walk Off Entertainment,-,182,9,173,50,3,47,0,2,0,0,48,0.088,0.014,0.074,90,156,50,50,50,0.9,0.1,0.9,80,50,236,2,-,-,85,-,-,-,-,-,-,-,-,-,-
79,98,86,Yes,CALEB LEE HUTCHINSON,Silverado,Country Reborn,-,163,108,55,45,30,15,45,0,0,0,0,0.031,0.02,0.011,125,128,15,0,15,3,2,1,557,0,496,0,-,-,86,-,-,-,-,-,-,-,-,-,-
86,99,87,Yes,GUNNAR LATHAM,One Two Step,Major Bob Productions,-,163,108,55,45,30,15,45,0,0,0,0,0.031,0.02,0.011,126,131,15,0,15,3,2,1,560,0,497,0,-,-,87,-,-,-,-,-,-,-,-,-,-
82,86,88,Yes,TREY LEWIS,Always You,River House Artists,-,163,163,0,45,45,0,45,0,0,0,0,0.031,0.031,0,127,117,15,0,15,3,3,0,555,0,498,0,-,-,88,-,-,-,-,-,-,-,-,-,-
78,87,89,Yes,AUSTIN ENGLISH,Walk Away Slow,---,-,163,163,0,45,45,0,45,0,0,0,0,0.031,0.031,0,122,116,15,0,15,3,3,0,544,0,499,0,-,-,89,-,-,-,-,-,-,-,-,-,-
78,78,90,,MAE ESTES,Thinkin' 'Bout Cheatin',Big Machine,-,163,217,-54,45,60,-15,45,0,0,0,0,0.031,0.041,-0.01,123,106,15,0,15,3,4,-1,540,0,500,0,-,-,90,-,-,-,-,-,-,-,-,-,-
48,94,91,Yes,HANNAH ELLIS,Wine Country,Curb,2,161,121,40,40,38,2,14,5,3,2,16,0.029,0.019,0.01,132,133,11,7,11,3.1,2.9,0.2,85,26,179,10,-,-,91,-,-,-,-,-,-,-,-,-,-
90,91,92,Yes,ALLI WALKER,I Like Big Trucks,Alli Walker Music,-,141,133,8,17,16,1,10,0,0,1,6,0.063,0.052,0.011,103,98,1,0,1,17,16,1,124,7,283,1,-,-,92,-,-,-,-,-,-,-,-,-,-
10,90,93,Yes,KEITH URBAN,Brown Eyes Baby,Capitol Nashville,48,138,136,2,30,22,8,13,3,4,5,5,0.166,0.153,0.013,82,77,9,5,9,3,2.2,0.8,92,17,174,12,-,-,93,-,-,-,-,-,-,-,-,-,-
79,120,94,Yes,CHANCEY WILLIAMS,A Cowboy Who Would,Younger Brothers Records,-,108,54,54,30,15,15,30,0,0,0,0,0.02,0.01,0.01,150,180,15,0,15,2,1,1,561,0,501,0,-,-,94,-,-,-,-,-,-,-,-,-,-
84,97,95,Yes,CONNER SWEET,She's Gotta Know,Sweet Music,-,108,108,0,30,30,0,30,0,0,0,0,0.02,0.02,0,149,132,15,0,15,2,2,0,539,0,502,0,-,-,95,-,-,-,-,-,-,-,-,-,-
96,-,96,Yes,GRAHAM BARHAM,BAYOU BOY,Sony Music Nashville,-,102,0,102,13,0,13,5,0,1,0,7,0.053,0,0.053,109,289,2,2,2,6.5,0,6.5,116,8,284,1,-,-,96,-,-,-,-,-,-,-,-,-,-
84,111,97,Yes,ZACH BRYAN,Hey Driver f/The War & Treaty,Warner,-,100,77,23,44,31,13,18,2,8,4,12,0.071,0.075,-0.004,94,86,2,0,2,14.7,10.3,4.3,86,26,167,14,-,-,97,-,-,382,-,-,-,-,-,-,-
86,89,98,,WYATT FLORES,West Of Tulsa,Island,-,98,148,-50,14,20,-6,8,0,0,1,5,0.04,0.052,-0.012,115,97,2,0,2,7,10,-3,129,6,285,1,-,-,98,-,-,148,-,-,-,-,-,-,-
99,113,99,Yes,JESSIE MURPH & JELLY ROLL,Wild Ones,Columbia,-,95,72,23,43,31,12,12,1,6,7,17,0.086,0.062,0.024,92,91,3,0,3,10.8,7.8,3,83,31,168,14,-,123,99,-,99,-,-,-,-,-,73,-,2241
89,110,100,Yes,THE FRONTMEN,I Need You,BBR Music Group,-,94,78,16,15,13,2,7,1,2,1,4,0.089,0.047,0.042,89,100,2,0,2,7.5,6.5,1,118,8,202,4,-,-,100,-,-,-,-,-,-,-,-,-,-
90,102,101,Yes,WAYLAND,Way Back When,---,-,94,94,0,26,26,0,26,0,0,0,0,0.017,0.017,0,161,142,13,0,13,2,2,0,549,0,503,0,-,-,101,-,-,-,-,-,-,-,-,-,-
56,85,102,,LAUREN ALAINA,Thicc As Thieves,Big Loud,-,84,168,-84,56,82,-26,36,2,4,3,11,0.015,0.035,-0.02,166,110,7,0,7,3.7,5.5,-1.7,90,20,184,9,-,-,102,-,-,-,-,-,-,-,-,-,-
103,104,103,,ZACH BRYAN,Sarah's Place f/Noah Kahan,Warner,-,83,88,-5,16,17,-1,1,2,4,6,3,0.134,0.135,-0.001,83,78,1,0,1,16,17,-1,98,15,175,12,-,-,103,-,-,887,-,-,-,-,-,-,-
72,108,104,Yes,COLE SWINDELL,How Is She,Warner/WMN,-,81,81,0,15,15,0,4,2,4,5,0,0.12,0.12,0,86,81,1,0,1,15,15,0,104,11,176,11,-,-,104,-,-,-,-,-,-,-,-,-,-
35,105,105,,BRANTLEY GILBERT/BLAKE SHELTON,Heaven By Then f/Vince Gill,Valory Music Co.,36,81,87,-6,19,22,-3,10,2,4,1,2,0.075,0.072,0.003,93,87,3,0,3,6.3,7.3,-1,111,9,192,7,-,-,105,-,-,-,-,-,-,-,-,-,-
100,101,106,,LARRY FLEET,Things I Take For Granted,Big Loud,-,78,98,-20,33,39,-6,11,1,8,2,11,0.063,0.102,-0.039,101,82,5,1,5,5.5,6.5,-1,88,22,177,11,-,-,106,-,-,-,-,-,-,-,-,-,-
83,93,107,,DYLAN GOSSETT,Coal,Big Loud/Mercury/Republic,-,78,128,-50,9,23,-14,5,0,2,0,2,0.051,0.131,-0.08,112,79,2,0,2,0.6,1.5,-0.9,151,4,237,2,-,-,107,-,-,130,-,-,-,-,-,-,-
78,128,108,Yes,SHENANDOAH & LUKE COMBS,Two Dozen Roses,8 Track Entertainment,-,74,39,35,18,8,10,2,2,1,3,10,0.068,0.047,0.021,95,103,9,8,9,2,0.9,1.1,93,16,195,6,-,-,108,-,-,-,-,-,-,-,-,-,-
109,-,109,Yes,TIM DUGGER,Man Upstairs,Curb,-,69,0,69,14,0,14,3,0,3,1,7,0.064,0,0.064,100,350,1,1,1,14,0,14,105,11,203,4,-,-,109,-,-,-,-,-,-,-,-,-,-
87,103,110,,REDFERRIN,Jack And Diet Coke,Warner Music Nashville,-,68,90,-22,25,33,-8,9,0,5,3,8,0.066,0.101,-0.035,97,83,3,0,3,6.3,8.3,-2,96,16,186,8,-,-,110,-,-,-,-,-,-,-,-,-,-
91,124,111,Yes,TAYLOR SWIFT,Mine (Taylor's Version),Republic,-,67,43,24,11,11,0,0,3,4,3,1,0.121,0.071,0.05,85,88,4,0,4,2.2,2.2,0,107,11,180,10,48,284,111,-,-,-,-,-,-,-,-,-,-
98,106,112,,12/OC,Forever Bound,---,-,65,84,-19,24,31,-7,4,1,7,5,7,0.06,0.077,-0.017,104,85,1,0,1,24,31,-7,89,20,169,13,-,-,112,-,-,-,-,-,-,-,-,-,-
52,122,113,Yes,CODY JOHNSON,With You I Am,Cojo Music,-,62,47,15,9,8,1,1,3,4,1,0,0.104,0.057,0.047,87,93,3,1,3,2.3,2,0.3,115,8,187,8,-,-,113,-,-,-,-,-,-,-,-,-,-
114,210,114,Yes,TYLER BRADEN,Devil You Know,Warner Nashville/WAR,-,59,10,49,21,3,18,6,1,5,4,5,0.066,0.015,0.051,96,150,2,1,2,5.3,0.8,4.5,97,15,181,10,-,-,114,-,-,-,-,-,-,-,-,-,-
72,116,115,Yes,FLORIDA GEORGIA LINE,Colorado,BMLG,-,59,57,2,14,13,1,1,3,4,4,2,0.095,0.078,0.017,88,84,2,0,2,7,6.5,0.5,101,13,178,11,-,-,115,-,-,-,-,-,-,-,-,-,-
59,100,116,,JOSH ROSS,Trouble,Mercury Nashville,-,59,106,-47,24,40,-16,21,1,0,0,2,0.008,0.027,-0.019,218,120,6,0,6,3.4,5.7,-2.3,173,3,286,1,-,-,116,-,-,-,-,-,-,-,-,-,-
117,117,117,Yes,COREY KENT,This Heart,Combustion/RCA Nashville,-,57,56,1,19,20,-1,7,2,3,3,4,0.053,0.053,0,110,96,4,3,4,2.7,2.9,-0.1,103,12,188,8,-,-,117,-,-,-,-,-,-,-,-,-,-
118,200,118,Yes,BRYCE LEATHERWOOD,The Finger,Republic Nash./UMG Nash.,-,54,11,43,16,4,12,0,11,2,0,3,0.065,0.014,0.051,98,158,15,15,15,0.8,0.2,0.6,94,16,170,13,-,-,118,-,-,-,-,-,-,-,-,-,-
119,-,119,Yes,CHASE MATTHEW,Darlin',Warner Nashville/WAR,-,54,0,54,15,0,15,15,0,0,0,0,0.01,0,0.01,199,443,15,15,15,1,0,1,558,0,504,0,-,-,119,-,-,-,-,-,-,-,-,-,-
92,692,120,Yes,MORGAN WALLEN,Silverado For Sale,Big Loud/Republic,-,52,0,52,10,0,10,0,0,1,0,9,0.04,0,0.04,117,544,9,9,9,1.1,0,1.1,108,10,287,1,-,-,120,-,-,-,-,-,-,-,-,-,-
121,133,121,Yes,LAURA BRYNA,Certified,LTD Entertainment LLC,-,52,35,17,30,21,9,12,1,4,2,11,0.018,0.012,0.006,154,172,3,0,3,10,7,3,91,18,193,7,-,-,121,-,-,-,-,-,-,-,-,-,-
78,123,122,Yes,CHRIS STAPLETON,The Star-Spangled Banner,---,-,52,45,7,18,15,3,5,6,6,1,0,0.057,0.061,-0.004,108,92,18,12,18,0.7,0.6,0.1,102,13,171,13,-,-,122,-,221,-,-,-,-,-,-,-,-
123,-,123,Yes,RILEY GREEN,Damn Good Day To Leave,BMLG,-,52,0,52,13,0,13,2,4,3,1,3,0.058,0,0.058,106,377,5,5,5,2.6,0,2.6,106,11,189,8,-,-,123,-,-,-,-,-,-,-,-,-,-
99,112,124,,BRIAN KELLEY,"Trucks, Ducks, Bucks & Beer",Big Machine,-,51,77,-26,8,11,-3,1,4,1,0,2,0.02,0,0.02,147,420,2,1,2,4,5.5,-1.5,121,7,197,5,-,-,124,-,-,-,-,-,-,-,-,-,-
118,129,125,Yes,LIL DURK,Broadway Girls f/Morgan Wallen,Alamo,-,50,38,12,17,13,4,3,2,4,4,4,0.065,0.05,0.015,99,99,2,0,2,8.5,6.5,2,99,14,182,10,-,-,125,-,507,-,-,-,-,-,-,-,-
111,115,126,,LARRY FLEET,25-8,Big Loud,-,47,62,-15,9,12,-3,0,0,0,1,8,0.031,0.056,-0.025,124,94,1,0,1,9,12,-3,112,9,288,1,-,-,126,-,-,-,-,-,-,-,-,-,-
118,118,127,,TY HERNDON,How You Get To Heaven,Pivotal,-,46,55,-9,5,6,-1,0,0,1,2,2,0.063,0.064,-0.001,102,89,1,0,1,5,6,-1,134,5,217,3,-,-,127,-,-,-,-,-,-,-,-,-,-
47,535,128,Yes,ASHLEY COOKE & BRETT YOUNG,Never Til Now,Big Loud/Back Blocks/BMLG,6,41,2,39,10,1,9,1,0,0,0,9,0.021,0,0.021,141,334,8,7,8,1.3,0.1,1.1,109,9,505,0,-,-,128,-,-,-,-,-,-,-,-,-,-
90,109,129,,LUKE COMBS & MIRANDA LAMBERT,Outrunnin' Your Memory,River House/Columbia Nash,-,40,78,-38,8,15,-7,1,0,0,0,7,0.02,0.043,-0.023,143,104,7,0,7,1.1,2.1,-1,123,7,506,0,-,-,129,-,-,-,-,-,-,-,-,-,-
116,151,130,Yes,RANDALL KING,When My Baby's In Boots,Warner Nashville/WAR,-,38,25,13,6,4,2,1,0,2,2,1,0.06,0.047,0.013,105,101,1,0,1,6,4,2,137,5,204,4,-,-,130,-,-,-,-,-,-,-,-,-,-
56,213,131,Yes,BROOKS & DUNN,Brand New Man w/Luke Combs,Arista Nashville,-,37,10,27,10,3,7,2,3,2,2,1,0.051,0.013,0.038,111,161,5,4,5,2,0.6,1.4,119,8,194,7,-,-,131,-,-,-,-,-,-,-,-,-,-
99,150,132,Yes,CHRIS LANE,Stop Coming Over,Big Loud,-,35,26,9,7,6,1,0,0,0,0,7,0.018,0.012,0.006,156,173,7,1,7,1,0.9,0.1,125,7,507,0,-,-,132,-,-,-,-,-,-,-,-,-,-
80,141,133,Yes,ELLE KING,Tulsa,RCA/Columbia Nashville,-,35,35,0,11,11,0,3,1,3,2,2,0.04,0.027,0.013,116,119,1,0,1,11,11,0,117,8,196,6,-,-,133,-,-,-,-,-,-,-,-,-,-
88,-,134,Yes,CARRIE UNDERWOOD,Denim & Rhinestones,Capitol Nashville,-,35,0,35,7,0,7,0,0,0,0,7,0.018,0,0.018,157,537,7,7,7,1,0,1,126,7,508,0,-,-,134,-,-,-,-,-,-,-,-,-,-
62,-,135,Yes,JORDAN HARVEY,Along For The Ride,Broken Bow,-,35,0,35,7,0,7,0,0,0,0,7,0.018,0,0.018,155,387,7,7,7,1,0,1,122,7,509,0,-,-,135,-,-,-,-,-,-,-,-,-,-
53,-,136,Yes,LINDSAY ELL,wAnt me back,Stoney Creek,-,35,0,35,7,0,7,1,0,0,0,6,0.017,0,0.017,159,353,7,7,7,1,0,1,130,6,510,0,-,-,136,-,-,-,-,-,-,-,-,-,-
98,138,137,Yes,EMILY BROOKE,Hungover You,---,-,35,35,0,7,7,0,0,0,0,0,7,0.018,0.018,0,153,137,7,0,7,1,1,0,120,7,511,0,-,-,137,-,-,-,-,-,-,-,-,-,-
76,125,138,,BROTHERS OSBORNE,Rollercoaster (Forever And...),EMI Nashville,-,35,42,-7,5,6,-1,2,1,0,1,1,0,0,0,507,308,1,0,1,5,6,-1,184,3,238,2,-,-,138,-,-,-,-,-,-,-,-,-,-
85,144,139,Yes,LAINEY WILSON,Sayin' What I'm Thinkin',Broken Bow,-,32,32,0,15,15,0,7,0,1,3,4,0.018,0.027,-0.009,158,121,1,0,1,15,15,0,114,8,205,4,-,-,139,-,-,-,-,-,-,-,-,-,-
48,142,140,Yes,EASTON CORBIN,Marry That Girl,Stone Country,8,32,33,-1,6,6,0,4,1,0,0,1,0.014,0.007,0.007,172,188,4,1,4,1.2,1.2,0,197,2,289,1,-,-,140,-,-,-,-,-,-,-,-,-,-
141,147,141,Yes,FRANK VIEIRA,Holy Smoke,---,-,31,28,3,11,10,1,8,0,0,0,3,0.01,0.008,0.002,204,187,1,0,1,11,10,1,181,3,512,0,-,-,141,-,-,-,-,-,-,-,-,-,-
142,-,142,Yes,LAINEY WILSON,Country's Cool Again,Broken Bow,-,31,0,31,16,0,16,0,6,4,6,0,0.038,0,0.038,118,560,7,7,7,2.3,0,2.3,95,16,160,16,-,-,142,-,-,-,-,350,-,-,-,-,-
143,145,143,Yes,MIDLAND,Up In Texas,Big Machine,-,29,29,0,5,5,0,1,0,1,1,2,0.035,0.037,-0.002,121,109,2,0,2,2.5,2.5,0,141,4,239,2,-,-,143,-,-,-,-,-,-,-,-,-,-
80,143,144,,MORGAN WALLEN,Cowgirls f/ERNEST,Big Loud/Mercury/Republic,-,29,32,-3,10,11,-1,1,1,0,2,6,0.024,0.013,0.011,136,169,3,1,3,3.3,3.7,-0.3,110,9,218,3,-,-,144,-,-,-,-,-,-,-,-,-,-
136,148,145,Yes,DAVID J,After We Broke Up,Sony Music Nashville,-,28,28,0,8,8,0,8,0,0,0,0,0.002,0.002,0,472,258,1,0,1,8,8,0,563,0,513,0,-,52,145,-,-,-,-,-,-,-,-,-,-
78,191,146,Yes,ASHLEY MCBRYDE,The Devil I Know,Warner Nashville/WMN,-,25,13,12,9,3,6,4,1,0,2,2,0.013,0.002,0.011,180,263,3,1,3,3,1,2,135,5,219,3,-,-,146,-,-,-,-,-,-,-,-,-,-
143,152,147,Yes,ZACH BRYAN,Holy Roller f/Sierra Ferrell,Warner,-,25,25,0,12,12,0,5,0,3,1,3,0.02,0.016,0.004,142,144,1,0,1,12,12,0,127,7,206,4,-,-,147,-,-,-,-,-,-,-,-,-,-
37,164,148,Yes,TIGIRLILY GOLD,Shoot Tequila,Monument,11,24,19,5,4,7,-3,0,0,1,3,0,0.005,0.005,0,351,225,2,0,2,1.3,2.3,-1,155,4,207,4,-,-,148,-,-,-,-,-,-,-,-,-,-
45,153,149,Yes,ELI YOUNG BAND & JIMMY BUFFETT,Saltwater Gospel,Valory Music Co.,-,24,24,0,3,3,0,1,0,0,1,1,0.183,0.311,-0.128,80,66,1,0,1,3,3,0,204,2,290,1,-,-,149,-,-,-,-,-,-,-,-,-,-
30,130,150,,MICHAEL RAY,Holy Water,Warner/WEA,29,24,38,-14,4,7,-3,0,0,2,1,1,0.037,0.047,-0.01,119,102,1,0,1,2,3.5,-1.5,145,4,220,3,-,-,150,-,-,-,-,-,-,-,-,-,-
112,215,151,Yes,RANDALL KING,Record High,Warner/WMN,-,23,10,13,3,2,1,1,0,0,0,2,0.001,0.002,-0.001,494,261,2,1,2,1,0.7,0.3,211,2,514,0,-,-,151,-,-,-,-,-,-,-,-,-,-
71,170,152,Yes,MORGAN WALLEN,'98 Braves,Big Loud/Mercury/Republic,-,23,16,7,5,4,1,0,2,1,2,0,0.042,0.034,0.008,114,114,3,1,3,1.7,1.3,0.3,139,5,198,5,-,-,152,-,-,-,-,-,-,-,-,-,-
25,131,153,,DILLON CARMICHAEL,Son Of A,Riser House,49,23,36,-13,6,8,-2,2,2,0,2,0,0.029,0.035,-0.006,130,111,3,1,3,2,2.7,-0.7,153,4,208,4,-,-,153,-,-,-,-,-,-,-,-,-,-
30,264,154,Yes,CAROLINE JONES,Come In (But Don't Make...),True To The Song/Mailboat,39,22,7,15,4,1,3,0,0,1,3,0,0,0,0,531,412,2,1,2,2,0.5,1.5,146,4,209,4,-,-,154,-,-,-,-,-,-,-,-,-,-
49,175,155,Yes,OLIVER ANTHONY,Rich Men North Of Richmond,---,1,22,16,6,6,5,1,3,0,0,1,2,0.057,0.064,-0.007,107,90,5,2,5,0.9,0.7,0.1,159,3,291,1,-,-,155,-,-,-,-,-,-,-,-,-,-
156,-,156,Yes,JELLY ROLL,Hungover In A Church Pew,Stoney Creek/BMG,-,22,0,22,4,0,4,1,0,1,0,2,0.022,0,0.022,138,403,1,1,1,4,0,4,160,3,292,1,-,-,156,-,-,-,-,-,-,-,-,-,-
92,155,157,,TAYLOR SWIFT,Back To Dec.(Taylor's Version),Republic,-,22,23,-1,8,9,-1,0,2,1,2,3,0.031,0.038,-0.007,128,108,3,0,3,1.6,1.8,-0.2,113,8,199,5,138,-,157,-,-,-,-,-,-,-,-,-,-
115,205,158,Yes,CODY JINKS,Must Be The Whiskey,Rounder/Concord,-,21,11,10,8,5,3,3,0,1,1,3,0.011,0.013,-0.002,190,167,2,1,2,4,2.5,1.5,133,5,240,2,-,-,158,-,-,-,-,-,-,-,-,-,-
52,181,159,Yes,HANNAH ELLIS,Country Can,Curb,-,21,15,6,3,3,0,0,0,2,0,1,0,0,0,519,354,1,0,1,1.5,1.5,0,162,3,241,2,-,-,159,-,-,-,-,-,-,-,-,-,-
79,-,160,Yes,CARTER FAITH,Greener Pasture,Altadena/Pound It OutLoud,-,21,0,21,10,0,10,3,1,2,2,2,0.02,0,0.02,144,360,1,1,1,10,0,10,128,7,200,5,-,-,160,-,-,-,-,-,-,-,-,-,-
70,216,161,Yes,TIM DUGGER,Heart Of A Small Town,MCC/Curb,-,20,10,10,4,2,2,0,1,1,1,1,0.029,0.011,0.018,131,175,1,0,1,4,2,2,150,4,221,3,-,-,161,-,-,-,-,-,-,-,-,-,-
64,126,162,,DYLAN SCHNEIDER,Ain't Missin' You,Wheelhouse,-,20,41,-21,7,14,-7,6,0,0,0,1,0.003,0.014,-0.011,449,160,2,0,2,2.3,4.7,-2.3,527,1,515,0,-,-,162,-,-,-,-,-,-,-,-,-,-
125,851,163,Yes,CODY JOHNSON,Work Boots,CoJo/Warner/WMN,-,19,0,19,3,0,3,1,0,0,1,1,0.02,0,0.02,146,411,1,1,1,3,0,3,191,2,293,1,-,-,163,-,-,-,-,-,-,-,-,-,-
135,214,164,Yes,PARKER MCCOLLUM,I Can't Breathe,---,-,19,10,9,3,2,1,1,0,1,1,0,0.028,0.003,0.025,134,252,1,0,1,1.5,1,0.5,195,2,242,2,-,-,164,-,-,-,-,-,-,-,-,-,-
165,190,165,Yes,ZACH BRYAN,Quittin' Time,Warner,-,19,13,6,3,2,1,1,0,1,1,0,0.028,0.001,0.027,133,267,1,0,1,3,2,1,221,2,243,2,-,-,165,-,-,-,-,-,-,-,-,-,-
166,193,166,Yes,JAKE WORTHINGTON,Night Time Is My Time,Big Loud,-,19,13,6,3,2,1,1,0,0,1,1,0.02,0.005,0.015,151,228,1,0,1,3,2,1,223,2,294,1,-,-,166,-,-,-,-,-,-,-,-,-,-
167,189,167,Yes,JAKE WORTHINGTON,Single At The Same Time,Big Loud,-,19,13,6,3,2,1,2,0,0,0,1,0.005,0.005,0,357,229,1,0,1,3,2,1,298,1,516,0,-,-,167,-,-,-,-,-,-,-,-,-,-
89,161,168,Yes,CHRIS STAPLETON,Arkansas,Mercury Nashville,-,19,19,0,6,6,0,0,0,0,0,6,0.008,0.008,0,220,186,1,0,1,6,6,0,131,6,517,0,-,-,168,-,-,3364,-,-,-,-,-,-,-
161,162,169,Yes,JAKE WORTHINGTON,Pop Goes The Whiskey f/ERNEST,Big Loud,-,19,19,0,3,3,0,2,0,0,0,1,0.005,0.016,-0.011,356,149,1,0,1,3,3,0,276,1,518,0,-,-,169,-,-,-,-,-,-,-,-,-,-
125,154,170,,AARON LEWIS,Let's Go Fishing,Valory Music Co.,-,18,24,-6,8,11,-3,3,0,1,0,4,0.009,0.017,-0.008,208,141,1,0,1,8,11,-3,138,5,295,1,-,-,170,-,-,-,-,-,-,-,-,-,-
135,249,171,Yes,MIKE RYAN,Can Down,Rock & Soul,-,17,8,9,2,1,1,0,0,0,0,2,0,0,0,549,490,1,0,1,2,1,1,225,2,519,0,-,-,171,-,-,-,-,-,-,-,-,-,-
31,204,172,Yes,ERIC CHURCH,Doing Life With Me,EMI Nashville,27,17,11,6,17,11,6,4,4,4,2,3,0,0,0,511,328,1,0,1,17,11,6,100,13,183,10,-,-,172,-,-,-,-,-,-,-,-,-,-
49,195,173,Yes,KAMERON MARLOWE,Giving You Up,Columbia Nashville,2,17,13,4,4,3,1,2,2,0,0,0,0.013,0.024,-0.011,179,123,2,1,2,1.3,1,0.3,222,2,244,2,-,-,173,-,-,-,-,-,-,-,-,-,-
135,146,174,,JON WOLFE,If I Had A Bar,Fool Hearted Productions,-,17,29,-12,3,5,-2,0,0,0,1,2,0.022,0.032,-0.01,139,115,2,0,2,1.5,2.5,-1,171,3,296,1,-,-,174,-,-,-,-,-,-,-,-,-,-
175,-,175,Yes,BEYONCE,16 CARRIAGES,Parkwood/Columbia,-,16,0,16,4,0,4,0,0,1,3,0,0.036,0,0.036,120,294,3,3,3,1.3,0,1.3,144,4,210,4,-,-,175,-,414,-,-,-,1794,488,656,-,-
89,-,176,Yes,THE FRONTMEN,Amazed,BBR Music Group,-,16,0,16,2,0,2,0,1,0,0,1,0.014,0,0.014,173,372,1,1,1,2,0,2,224,2,297,1,-,-,176,-,-,-,-,-,-,-,-,-,-
142,169,177,,CODY JINKS,What Else Is New,Late August,-,15,17,-2,7,8,-1,3,0,1,2,1,0.012,0.02,-0.008,185,129,1,0,1,7,8,-1,148,4,222,3,-,-,177,-,-,-,-,-,-,-,-,-,-
89,167,178,,TRACE ADKINS,Better Off,Verge Nashville,-,15,17,-2,3,4,-1,0,0,1,1,1,0.022,0.017,0.005,137,139,1,0,1,1.5,2,-0.5,172,3,245,2,-,-,178,-,-,-,-,-,-,-,-,-,-
104,160,179,,MIDLAND,Playboys,Big Machine,-,15,19,-4,7,9,-2,3,0,0,0,4,0.004,0.015,-0.011,369,155,1,0,1,7,9,-2,143,4,520,0,-,-,179,-,-,-,-,-,-,-,-,-,-
59,183,180,Yes,CODY JOHNSON,Wild As You,Cojo Music,-,13,13,0,3,3,0,0,0,0,0,3,0.006,0.01,-0.004,270,179,2,0,2,1.5,1.5,0,169,3,521,0,-,-,180,-,-,-,-,-,-,-,-,-,-
80,-,181,Yes,CODY JOHNSON,That's Texas,CoJo/Warner/WMN,-,13,0,13,2,0,2,0,0,0,2,0,0.03,0,0.03,129,410,1,1,1,2,0,2,218,2,246,2,-,-,181,-,-,-,-,-,-,-,-,-,-
132,188,182,Yes,JAKE WORTHINGTON,State You Left Me In,Big Loud,-,13,13,0,2,2,0,0,0,0,1,1,0.019,0.005,0.014,152,230,1,0,1,2,2,0,219,2,298,1,-,-,182,-,-,-,-,-,-,-,-,-,-
68,173,183,,LUKE COMBS,"Houston, We Got A Problem",River House/Columbia,-,13,16,-3,6,7,-1,1,0,1,3,1,0.016,0.016,0,162,145,2,0,2,3,3.5,-0.5,136,5,211,4,-,-,183,-,-,-,-,-,-,-,-,-,-
132,168,184,,ERNEST,Songs We Used To Sing,Big Loud,-,13,17,-4,6,8,-2,2,0,1,2,1,0.012,0.017,-0.005,184,140,1,0,1,6,8,-2,147,4,223,3,-,-,184,-,-,-,-,-,-,-,-,-,-
154,165,185,,MEREDITH FOSTER,I'm Not Blonde,Wildwood,-,13,18,-5,6,8,-2,2,0,0,0,4,0.005,0.02,-0.015,331,127,1,0,1,6,8,-2,140,4,522,0,-,-,185,-,-,-,-,-,-,-,-,-,-
126,163,186,,BRAXTON KEITH,Give Me A Sunrise,Torrez Music Group,-,13,19,-6,2,3,-1,2,0,0,0,0,0.001,0.022,-0.021,493,126,1,0,1,2,3,-1,545,0,523,0,-,-,186,-,-,-,-,-,-,-,-,-,-
128,157,187,,CARLY PEARCE,The Star-Spangled Banner,---,-,13,21,-8,3,5,-2,2,0,1,0,0,0.015,0.035,-0.02,169,112,2,0,2,0.6,1,-0.4,390,1,299,1,-,-,187,-,-,-,-,-,-,-,-,-,-
127,156,188,,BOY NAMED BANJO,Heart Attack,Mercury Nashville,-,13,22,-9,6,10,-4,3,0,1,2,0,0.012,0.018,-0.006,183,136,1,0,1,6,10,-4,180,3,224,3,-,-,188,-,-,-,-,-,-,-,-,-,-
176,233,189,Yes,GREATER VISION,Think About There,Daywind,-,12,8,4,3,2,1,0,3,0,0,0,0.02,0.013,0.007,145,164,3,1,3,1,0.7,0.3,158,3,225,3,-,-,189,-,-,-,-,-,-,-,-,-,-
77,540,190,Yes,HIXTAPE,John Deere Green f/HARDY...,Big Loud/Mercury/Republic,-,11,2,9,4,2,2,1,1,1,0,1,0.011,0,0.011,189,388,2,1,2,2,1,1,175,3,247,2,-,-,190,-,-,-,-,-,-,-,-,-,-
191,368,191,Yes,KACEY MUSGRAVES,Deeper Well,MCA Nashville/Interscope,-,11,4,7,5,2,3,2,2,0,0,1,0.008,0.003,0.005,214,253,2,1,2,2.5,1,1.5,157,3,248,2,-,316,191,-,478,63,-,1497,-,-,-,-,-
141,254,192,Yes,JEREMY MCCOMB,No Yesterday,Average Joes,-,11,8,3,6,4,2,3,0,2,1,0,0.011,0.007,0.004,192,191,1,0,1,6,4,2,174,3,226,3,-,-,192,-,-,-,-,-,-,-,-,-,-
84,229,193,Yes,NATE SMITH,Wreckage,RCA Nashville,-,11,9,2,5,4,1,3,0,0,1,1,0.006,0.007,-0.001,292,193,1,0,1,5,4,1,209,2,300,1,-,-,193,-,-,-,-,-,-,-,-,-,-
48,217,194,Yes,NEON UNION,Bout Damn Time,Red Street,5,11,10,1,6,5,1,3,1,0,1,1,0.006,0.007,-0.001,288,192,1,0,1,3,2.5,0.5,170,3,249,2,-,-,194,-,-,-,-,-,-,-,-,-,-
78,203,195,Yes,TEDDY ROBB,Question The Universe,---,-,11,11,0,2,2,0,2,0,0,0,0,0.001,0.001,0,500,272,1,0,1,2,2,0,564,0,524,0,-,-,195,-,-,-,-,-,-,-,-,-,-
54,182,196,,WALKER HAYES,Good With Me,RCA/Monument,-,11,14,-3,2,3,-1,0,2,0,0,0,0.013,0.013,0,176,165,1,0,1,1,1.5,-0.5,198,2,250,2,-,-,196,-,-,-,-,-,-,-,-,-,-
96,178,197,,KOE WETZEL,Oklahoma Sun,Columbia,-,11,15,-4,3,4,-1,1,0,1,0,1,0.011,0.02,-0.009,191,130,1,0,1,3,4,-1,213,2,301,1,-,-,197,-,-,-,-,-,-,-,-,-,-
72,166,198,,CODY JINKS,Loud And Heavy,Late August/16camino,-,11,17,-6,5,8,-3,2,0,2,1,0,0.013,0.014,-0.001,177,157,1,0,1,5,8,-3,176,3,227,3,-,-,198,-,-,-,-,-,-,-,-,-,-
58,158,199,,JON LANGSTON,When It Comes To Loving You,32 Bridge/EMI Nashville,-,11,20,-9,3,4,-1,0,0,2,0,1,0.013,0.016,-0.003,178,147,3,2,3,1,1.3,-0.3,161,3,251,2,-,-,199,-,-,-,-,-,-,-,-,-,-
105,159,200,,ABBY ANDERSON,Star Spangled Banner,Black River Entertainment,-,11,20,-9,3,6,-3,0,0,3,0,0,0.021,0.023,-0.002,140,124,2,1,2,0.5,1,-0.5,166,3,228,3,-,-,200,-,-,-,-,-,-,-,-,-,-
109,269,201,Yes,MORGAN WALLEN,Cover Me Up,Big Loud/Republic,-,10,6,4,5,3,2,0,1,1,0,3,0.009,0.006,0.003,209,217,4,2,4,1.3,0.8,0.5,132,5,252,2,-,-,201,-,-,-,-,-,-,-,-,-,-
202,-,202,Yes,THE STEEL WOODS,Let The Rain Come Down,Woods Music,-,10,0,10,2,0,2,0,0,0,0,2,0.006,0,0.006,301,525,1,1,1,2,0,2,215,2,525,0,-,-,202,-,-,-,-,-,-,-,-,-,-
86,538,203,Yes,MICKEY GUYTON,Star Spangled Banner,---,-,9,2,7,2,1,1,0,1,1,0,0,0.017,0.003,0.014,160,247,2,1,2,1,0.5,0.5,203,2,253,2,-,-,203,-,-,-,-,-,-,-,-,-,-
204,465,204,Yes,ANNE WILSON,God & Country,Sparrow/EMI Nashville,-,9,3,6,3,1,2,0,2,0,0,1,0.011,0.002,0.009,195,266,3,2,3,1,0.3,0.7,183,3,254,2,-,-,204,-,-,-,-,-,-,-,-,-,-
134,369,205,Yes,49 WINCHESTER,Russell County Line,New West,-,9,4,5,3,2,1,0,0,0,0,3,0.005,0.002,0.003,312,255,2,1,2,1.5,1,0.5,167,3,526,0,-,-,205,-,-,-,-,-,-,-,-,-,-
44,346,206,Yes,GEORGE STRAIT,The Weight Of The Badge,MCA Nashville,-,9,5,4,2,1,1,0,0,1,0,1,0,0.002,-0.002,555,265,2,2,2,0.7,0.3,0.3,201,2,302,1,-,-,206,-,-,-,-,-,-,-,-,-,-
64,223,207,Yes,LAINEY WILSON,Dirty Looks,Broken Bow,-,9,9,0,4,4,0,0,2,2,0,0,0.013,0.013,0,182,170,1,0,1,2,2,0,154,4,212,4,-,-,207,-,-,-,-,-,-,-,-,-,-
112,-,208,Yes,TOBY KEITH,Wacky Tobaccy,Show Dog,-,9,0,9,2,0,2,0,0,1,0,1,0.002,0,0.002,477,419,1,1,1,2,0,2,199,2,303,1,-,-,208,-,-,-,-,-,-,-,-,-,-
117,226,209,Yes,LUKE COMBS,Any Given Friday Night,River House/Columbia Nash,-,9,9,0,2,2,0,0,2,0,0,0,0.015,0.015,0,168,152,1,0,1,2,2,0,212,2,255,2,-,-,209,-,-,-,-,-,-,-,-,-,-
52,228,210,Yes,RYAN GRIFFIN,"Salt, Lime & Tequila",Red Street,-,9,9,0,2,2,0,1,1,0,0,0,0.007,0.009,-0.002,229,181,1,0,1,2,2,0,350,1,304,1,-,-,210,-,-,-,-,-,-,-,-,-,-
54,230,211,Yes,THOMPSON SQUARE,Without You,Quartz Hill,-,9,9,0,2,2,0,1,0,0,0,1,0,0,0,560,526,1,0,1,2,2,0,526,1,527,0,-,-,211,-,-,-,-,-,-,-,-,-,-
112,-,212,Yes,MAREN MORRIS,Star Spangled Banner,---,-,9,0,9,1,0,1,0,0,1,0,0,0.02,0,0.02,148,463,1,1,1,1,0,1,238,1,305,1,-,-,212,-,-,-,-,-,-,-,-,-,-
32,176,213,Yes,BROTHERS OSBORNE,I'm Not For Everyone,EMI Nashville,-,9,16,-7,4,4,0,0,1,0,1,2,0.007,0.015,-0.008,225,151,3,1,3,1,1,0,149,4,256,2,-,-,213,-,-,-,-,-,-,-,-,-,-
111,172,214,,JENNIFER NETTLES,National Anthem (At Bristol),Big Machine,-,9,16,-7,2,4,-2,0,1,1,0,0,0.016,0.019,-0.003,163,135,2,1,2,0.4,0.8,-0.4,186,2,257,2,-,-,214,-,-,-,-,-,-,-,-,-,-
215,702,215,Yes,JONATHAN WILBURN,Wings Of A Dove f/Inspirations,Daywind,-,8,0,8,2,0,2,0,2,0,0,0,0.014,0,0.014,175,555,2,2,2,1,0,1,208,2,258,2,-,-,215,-,-,-,-,-,-,-,-,-,-
95,858,216,Yes,GEORGE STRAIT,Codigo,MCA Nashville,-,8,0,8,1,0,1,0,0,0,0,1,0,0,0,554,513,1,1,1,1,0,1,357,1,528,0,-,-,216,-,-,-,-,-,-,-,-,-,-
73,450,217,Yes,MORGAN WALLEN,Neon Star(Country Boy Lullaby),Big Loud/Mercury/Republic,-,8,3,5,3,1,2,0,0,2,1,0,0.016,0.005,0.011,165,227,1,0,1,3,1,2,185,3,229,3,-,-,217,-,-,-,-,-,-,-,-,-,-
187,409,218,Yes,TRIBUTE QUARTET,Halfway Up The Mountain,Daywind,-,8,4,4,2,1,1,0,2,0,0,0,0.013,0.006,0.007,181,213,2,1,2,1,0.5,0.5,210,2,259,2,-,-,218,-,-,-,-,-,-,-,-,-,-
94,-,219,Yes,SAM HUNT,Ex To See,MCA Nashville,-,8,0,8,3,0,3,0,0,0,0,3,0.004,0,0.004,364,395,3,3,3,1,0,1,163,3,529,0,-,-,219,-,-,-,-,-,-,-,-,-,-
220,235,220,Yes,DALLAS SMITH,How Do You Miss Me,Local Hay/Big Loud,-,8,8,0,3,3,0,0,0,3,0,0,0.016,0.016,0,164,148,1,0,1,3,3,0,179,3,230,3,-,-,220,-,-,-,-,-,-,-,-,-,-
221,-,221,Yes,WES HAMPTON,On And On,---,-,8,0,8,2,0,2,1,0,1,0,0,0.01,0,0.01,197,385,2,2,2,1,0,1,313,1,306,1,-,-,221,-,-,-,-,-,-,-,-,-,-
138,-,222,Yes,SAM RIGGS,The Lucky Ones,Deep Creek,-,8,0,8,1,0,1,0,0,0,0,1,0,0,0,544,483,1,1,1,1,0,1,379,1,530,0,-,-,222,-,-,-,-,-,-,-,-,-,-
118,-,223,Yes,CODY JINKS,Ain't A Train,Late August,-,8,0,8,1,0,1,0,0,0,0,1,0,0,0,529,404,1,1,1,1,0,1,253,1,531,0,-,-,223,-,-,-,-,-,-,-,-,-,-
146,-,224,Yes,MICKY & THE MOTORCARS,Tonight We Ride,---,-,8,0,8,1,0,1,0,0,0,0,1,0,0,0,537,452,1,1,1,1,0,1,485,1,532,0,-,-,224,-,-,-,-,-,-,-,-,-,-
197,251,225,Yes,MICKY & THE MOTORCARS,Stranger Tonight,Micky&Motor/Thirty Tigers,-,8,8,0,1,1,0,0,0,0,0,1,0,0,0,536,451,1,0,1,1,1,0,412,1,533,0,-,-,225,-,-,-,-,-,-,-,-,-,-
109,245,226,Yes,ZACH BRYAN,From Austin,Warner,-,8,8,0,1,1,0,0,0,0,0,1,0,0,0,509,312,1,0,1,1,1,0,402,1,534,0,-,-,226,-,-,1254,-,-,-,-,-,-,-
160,243,227,Yes,CODY JINKS,Hurt You,Late August,-,8,8,0,1,1,0,0,0,0,0,1,0,0,0,530,405,1,0,1,1,1,0,494,1,535,0,-,-,227,-,-,-,-,-,-,-,-,-,-
196,242,228,Yes,CASEY DONAHEW,Telling On My Heart,Almost Country,-,8,8,0,1,1,0,0,0,0,0,1,0,0,0,515,347,1,0,1,1,1,0,360,1,536,0,-,-,228,-,-,-,-,-,-,-,-,-,-
165,247,229,Yes,CURTIS GRIMES,Miles Don't Matter,Lonely River,-,8,8,0,1,1,0,0,0,0,0,1,0,0,0,524,379,1,0,1,1,1,0,383,1,537,0,-,-,229,-,-,-,-,-,-,-,-,-,-
139,248,230,Yes,RANDY ROGERS BAND,Nothing But Love Songs,TommyJacksn/Thirty Tigers,-,8,8,0,1,1,0,0,0,0,0,1,0,0,0,547,488,1,0,1,1,1,0,432,1,538,0,-,-,230,-,-,-,-,-,-,-,-,-,-
164,246,231,Yes,FLATLAND CAVALRY,A Cowboy Knows How,---,-,8,8,0,1,1,0,0,0,0,0,1,0,0,0,520,369,1,0,1,1,1,0,470,1,539,0,-,-,231,-,-,-,-,-,-,-,-,-,-
150,250,232,Yes,FLATLAND CAVALRY,Come Back Down,---,-,8,8,0,1,1,0,0,0,0,0,1,0,0,0,521,370,1,0,1,1,1,0,319,1,540,0,-,-,232,-,-,-,-,-,-,-,-,-,-
55,252,233,Yes,AARON WATSON,Kiss That Girl Goodbye,BIG Label,-,8,8,0,1,1,0,0,0,0,0,1,0,0,0,563,551,1,0,1,1,1,0,461,1,541,0,-,-,233,-,-,-,-,-,-,-,-,-,-
146,212,234,,JILLIAN RISCOE,Decoration,---,-,8,10,-2,3,4,-1,2,0,1,0,0,0.006,0.008,-0.002,291,185,1,0,1,3,4,-1,448,1,307,1,-,-,234,-,-,-,-,-,-,-,-,-,-
130,201,235,,LUKE COMBS & BILLY STRINGS,The Great Divide,Columbia Nash/River House,-,8,11,-3,4,5,-1,0,1,1,1,1,0.011,0.013,-0.002,187,163,1,0,1,4,5,-1,142,4,231,3,-,-,235,-,-,-,-,-,-,-,-,-,-
68,198,236,,AARON LEWIS,That Ain't Country,Dot,-,8,11,-3,4,5,-1,2,1,1,0,0,0.007,0.013,-0.006,233,168,1,0,1,4,5,-1,193,2,260,2,-,-,236,-,-,-,-,-,-,-,-,-,-
164,196,237,,LUKE COMBS,I Got Away With You,River House/Columbia Nash,-,8,13,-5,4,6,-2,2,0,2,0,0,0.009,0.013,-0.004,206,162,1,0,1,4,6,-2,187,2,261,2,-,-,237,-,-,-,-,-,-,-,-,-,-
183,184,238,,TECH N9NE,Red Kingdom,Strange Music,-,8,13,-5,3,5,-2,0,2,0,1,0,0.011,0.025,-0.014,194,122,1,0,1,3,5,-2,178,3,232,3,243,-,238,-,149,-,-,-,659,-,-,-,-
65,149,239,,RYAN GRIFFIN,Heart To Break,Red Street,-,8,27,-19,6,19,-13,3,0,1,0,2,0.002,0.007,-0.005,474,189,1,0,1,6,19,-13,168,3,308,1,-,-,239,-,-,-,-,-,-,-,-,-,-
201,623,240,Yes,SHANE PROFITT,I Am Who I Am,BMLG,-,7,0,7,4,0,4,2,1,1,0,0,0.006,0,0.006,290,477,2,2,2,2,0,2,194,2,262,2,-,-,240,-,-,-,-,-,-,-,-,-,-
151,601,241,Yes,MARLANA VANHOOSE,Star Spangled Banner,---,-,7,1,6,2,1,1,0,0,2,0,0,0.014,0,0.014,174,539,2,2,2,0.7,0.3,0.3,214,2,263,2,-,-,241,-,-,-,-,-,-,-,-,-,-
79,489,242,Yes,ZACH BRYAN,Sun To Me,Warner,-,7,2,5,3,1,2,0,1,0,1,1,0.008,0.004,0.004,210,231,1,0,1,3,1,2,165,3,264,2,-,-,242,-,-,-,-,-,-,-,-,-,-
243,463,243,Yes,BRYCE LEATHERWOOD,Neon Does,Republic Nash./UMG Nash.,-,7,3,4,2,1,1,0,0,0,0,2,0.005,0.002,0.003,337,262,2,1,2,1,0.5,0.5,227,2,542,0,-,-,243,-,-,-,-,-,-,-,-,-,-
104,419,244,Yes,TIM MCGRAW,Humble and Kind (Nunca Te ...),McGraw/Columbia Nashville,-,7,4,3,3,2,1,1,1,0,1,0,0.005,0.005,0,343,222,2,1,2,1,0.7,0.3,190,2,265,2,-,-,244,-,-,-,-,-,-,-,-,-,-
158,358,245,Yes,SCOTTY MCCREERY,Can't Pass The Bar,Triple Tigers,-,7,5,2,6,5,1,4,0,1,1,0,0.005,0,0.005,342,446,2,1,2,3,2.5,0.5,196,2,266,2,-,-,245,-,-,-,-,-,-,-,-,-,-
60,260,246,Yes,ASHLEY MCBRYDE,Martha Divine,Warner/WMN,-,7,7,0,5,5,0,1,2,1,1,0,0.007,0.004,0.003,235,239,2,1,2,2.5,2.5,0,152,4,213,4,-,-,246,-,-,-,-,-,-,-,-,-,-
247,-,247,Yes,COOPER ALAN,Take Forever,Cooped Up,-,7,0,7,3,0,3,0,3,0,0,0,0.01,0,0.01,196,280,3,3,3,1,0,1,156,3,233,3,-,-,247,-,-,-,-,-,-,-,-,-,-
248,-,248,Yes,MEGAN MARONEY,No Caller ID,Columbia Nashville,-,7,0,7,3,0,3,1,0,0,1,1,0.006,0,0.006,284,440,2,2,2,1.5,0,1.5,228,2,309,1,-,-,248,-,-,-,-,-,-,-,-,-,-
94,261,249,Yes,ZACH BRYAN,Fear And Friday's,Warner,-,7,7,0,3,3,0,0,0,0,0,3,0.003,0.003,0,392,245,1,0,1,3,3,0,177,3,543,0,-,-,249,-,-,-,-,-,-,-,-,-,-
250,-,250,Yes,LACI KAYE BOOTH,True Love,Geffen,-,7,0,7,2,0,2,0,2,0,0,0,0.009,0,0.009,205,301,2,2,2,1,0,1,206,2,267,2,-,-,250,-,-,-,-,-,-,-,-,-,-
74,202,251,,THOMAS RHETT,Church Boots,Valory Music Co.,-,7,11,-4,3,5,-2,1,0,0,0,2,0.002,0.005,-0.003,483,224,3,0,3,0.6,1,-0.4,217,2,544,0,-,-,251,-,-,-,-,-,-,-,-,-,-
119,197,252,,PRYOR & LEE,National Anthem,Black River Entertainment,-,7,12,-5,2,3,-1,1,1,0,0,0,0.008,0.014,-0.006,217,159,2,2,2,0.4,0.6,-0.2,274,1,310,1,-,-,252,-,-,-,-,-,-,-,-,-,-
69,192,253,,DIPLO & MORGAN WALLEN,Heartless (f/Julia Michaels),Columbia,-,7,13,-6,3,4,-1,0,0,1,2,0,0.011,0.015,-0.004,188,153,2,0,2,0.8,1,-0.3,164,3,234,3,-,-,253,-,934,-,-,-,-,-,-,-,-
24,177,254,,PRISCILLA BLOCK,My Bar,InDent/Mercury Nashville,-,7,15,-8,2,3,-1,0,0,0,2,0,0.011,0.016,-0.005,186,143,2,1,2,0.7,1,-0.3,207,2,268,2,-,-,254,-,-,-,-,-,-,-,-,-,-
19,783,255,Yes,KELSEA BALLERINI,Heartfirst,Black River Entertainment,-,6,0,6,3,0,3,0,1,1,0,1,0.006,0,0.006,244,286,2,2,2,1.5,0,1.5,182,3,269,2,-,-,255,-,-,-,-,-,-,-,-,-,-
139,752,256,Yes,JON WOLFE,Boots On A Dance Floor,Fool Hearted Productions,-,6,0,6,1,0,1,1,0,0,0,0,0.001,0,0.001,503,561,1,1,1,1,0,1,562,0,545,0,-,-,256,-,-,-,-,-,-,-,-,-,-
41,850,257,Yes,MIDLAND,Sunrise Tells The Story,Big Machine,-,6,0,6,1,0,1,1,0,0,0,0,0.001,0,0.001,497,454,1,1,1,1,0,1,553,0,546,0,-,-,257,-,-,-,-,-,-,-,-,-,-
118,270,258,Yes,TYLER CHILDERS,House Fire,Hickman Holler/RCA,-,6,6,0,3,3,0,1,0,1,0,1,0.006,0.006,0,251,199,1,0,1,3,3,0,189,2,311,1,-,-,258,-,-,774,-,-,-,-,-,-,-
111,-,259,Yes,RANDY ROGERS & WADE BOWEN,Rhinestoned,Lil' Buddy Toons,-,6,0,6,1,0,1,0,0,0,1,0,0.015,0,0.015,170,486,1,1,1,1,0,1,451,1,312,1,-,-,259,-,-,-,-,-,-,-,-,-,-
137,-,260,Yes,MORGAN WALLEN,Little Rain,Big Loud,-,6,0,6,1,0,1,0,0,0,1,0,0.015,0,0.015,171,542,1,1,1,1,0,1,421,1,313,1,-,-,260,-,-,-,-,-,-,-,-,-,-
172,-,261,Yes,JAKE BUSH,If You Ever Get Lonely,---,-,6,0,6,1,0,1,0,0,0,1,0,0.015,0,0.015,167,316,1,1,1,1,0,1,484,1,314,1,-,-,261,-,-,-,-,-,-,-,-,-,-
131,-,262,Yes,MIKE RYAN,Other Side Of The Radio,Rock & Soul,-,6,0,6,1,0,1,1,0,0,0,0,0.001,0,0.001,501,492,1,1,1,1,0,1,551,0,547,0,-,-,262,-,-,-,-,-,-,-,-,-,-
105,265,263,Yes,PARKER MCCOLLUM,Young Man's Blues,MCA Nashville,-,6,6,0,1,1,0,1,0,0,0,0,0.001,0.015,-0.014,496,154,1,0,1,1,1,0,559,0,548,0,-,-,263,-,-,-,-,-,-,-,-,-,-
146,276,264,Yes,CODY JINKS,Hippies & Cowboys ('17),Late August,-,6,6,0,1,1,0,1,0,0,0,0,0.001,0.001,0,492,269,1,0,1,1,1,0,550,0,549,0,-,-,264,-,-,-,-,-,-,-,-,-,-
129,278,265,Yes,RANDALL KING,Tuggin' On My Heartstrings,---,-,6,6,0,1,1,0,1,0,0,0,0,0.001,0.001,0,495,270,1,0,1,1,1,0,546,0,550,0,-,-,265,-,-,-,-,-,-,-,-,-,-
127,219,266,Yes,BRAD PAISLEY,The Star Spangled Banner,---,-,6,9,-3,2,2,0,0,1,1,0,0,0.01,0.005,0.005,202,223,2,2,2,0.5,0.5,0,205,2,270,2,-,-,266,-,-,-,-,-,-,-,-,-,-
190,698,267,Yes,CARRIE UNDERWOOD,Great Is Thy Faithfulness,Capitol Nashville,-,5,0,5,1,0,1,0,1,0,0,0,0.007,0,0.007,238,538,1,1,1,1,0,1,403,1,315,1,-,-,267,-,-,-,-,-,-,-,-,-,-
216,786,268,Yes,MIDLAND,Fast Hearts And Slow Towns,Big Machine,-,5,0,5,1,0,1,0,0,0,0,1,0.003,0,0.003,437,453,1,1,1,1,0,1,446,1,551,0,-,-,268,-,-,-,-,-,-,-,-,-,-
170,794,269,Yes,KOLBY COOPER,If I Still Had It,Combustion Masters,-,5,0,5,1,0,1,0,0,0,0,1,0.003,0,0.003,400,336,1,1,1,1,0,1,317,1,552,0,-,-,269,-,-,-,-,-,-,-,-,-,-
270,811,270,Yes,RED CLAY STRAYS,Good Godly Woman,---,-,5,0,5,1,0,1,0,0,0,0,1,0.003,0,0.003,445,482,1,1,1,1,0,1,416,1,553,0,-,-,270,-,-,-,-,-,-,-,-,-,-
199,826,271,Yes,KOLTON MOORE/CHOSEN FEW,Peace In The Pines,---,-,5,0,5,1,0,1,0,0,0,0,1,0.003,0,0.003,439,458,1,1,1,1,0,1,300,1,554,0,-,-,271,-,-,-,-,-,-,-,-,-,-
193,817,272,Yes,CODY MATTHEWS,Wine To A Whiskey,C.M. Music Entertainment,-,5,0,5,1,0,1,0,0,0,0,1,0.003,0,0.003,434,444,1,1,1,1,0,1,397,1,555,0,-,-,272,-,-,-,-,-,-,-,-,-,-
87,818,273,Yes,AUSTIN SNELL,Wasting All These Tears,River House/WMN,-,5,0,5,1,0,1,0,0,0,0,1,0.003,0,0.003,453,503,1,1,1,1,0,1,335,1,556,0,-,-,273,-,-,-,-,-,-,-,-,-,-
274,801,274,Yes,JULY TURNER,That's How It Goes,---,-,5,0,5,1,0,1,0,0,0,0,1,0.003,0,0.003,457,530,1,1,1,1,0,1,537,1,557,0,-,-,274,-,-,-,-,-,-,-,-,-,-
275,802,275,Yes,CHRIS CHAPMAN,Take It To The House f/K.Moon,---,-,5,0,5,1,0,1,0,0,0,0,1,0.003,0,0.003,398,324,1,1,1,1,0,1,292,1,558,0,-,-,275,-,-,-,-,-,-,-,-,-,-
260,807,276,Yes,LEAH BELLE FASER,If He Was A Truck,LBF,-,5,0,5,1,0,1,0,0,0,0,1,0.003,0,0.003,406,366,1,1,1,1,0,1,529,1,559,0,-,-,276,-,-,-,-,-,-,-,-,-,-
257,804,277,Yes,JACOB BRYANT,The Bottom (Raise 'Em Up),Amer. Roots/Thirty Tigers,-,5,0,5,1,0,1,0,0,0,0,1,0.003,0,0.003,394,314,1,1,1,1,0,1,305,1,560,0,-,-,277,-,-,-,-,-,-,-,-,-,-
278,808,278,Yes,CLAYTON HACKLE,Back Porch Paradise,---,-,5,0,5,1,0,1,0,0,0,0,1,0.003,0,0.003,412,382,1,1,1,1,0,1,431,1,561,0,-,-,278,-,-,-,-,-,-,-,-,-,-
202,862,279,Yes,LEAH BELLE FASER,Because,LBF,-,5,0,5,1,0,1,0,0,0,0,1,0.003,0,0.003,404,364,1,1,1,1,0,1,344,1,562,0,-,-,279,-,-,-,-,-,-,-,-,-,-
279,812,280,Yes,BLAINE BUNTING,Savannah,---,-,5,0,5,1,0,1,0,0,0,0,1,0.003,0,0.003,395,315,1,1,1,1,0,1,386,1,563,0,-,-,280,-,-,-,-,-,-,-,-,-,-
280,813,281,Yes,WESLEY PACE,Would We,---,-,5,0,5,1,0,1,0,0,0,0,1,0.003,0,0.003,442,473,1,1,1,1,0,1,275,1,564,0,-,-,281,-,-,-,-,-,-,-,-,-,-
257,800,282,Yes,JACOB BRYANT,Amen,Amer. Roots/Thirty Tigers,-,5,0,5,1,0,1,0,0,0,0,1,0.003,0,0.003,393,313,1,1,1,1,0,1,497,1,565,0,-,-,282,-,-,-,-,-,-,-,-,-,-
273,796,283,Yes,ZACH WALLER,Don't Wanna Be Here,Riffchord Music Group,-,5,0,5,1,0,1,0,0,0,0,1,0.003,0,0.003,461,547,1,1,1,1,0,1,324,1,566,0,-,-,283,-,-,-,-,-,-,-,-,-,-
277,828,284,Yes,PEYTAN PORTER,God's Hotel,Warner Chappell,-,5,0,5,1,0,1,0,0,0,0,1,0.003,0,0.003,443,476,1,1,1,1,0,1,347,1,567,0,-,-,284,-,-,-,-,-,-,-,-,-,-
270,833,285,Yes,ASHLEY BROOKS,Gettin' Old,Independent,-,5,0,5,1,0,1,0,0,0,0,1,0.003,0,0.003,391,307,1,1,1,1,0,1,436,1,568,0,-,-,285,-,-,-,-,-,-,-,-,-,-
285,814,286,Yes,CHASE BAKER,Kawntry Sawng,---,-,5,0,5,1,0,1,0,0,0,0,1,0.003,0,0.003,382,285,1,1,1,1,0,1,459,1,569,0,-,-,286,-,-,-,-,-,-,-,-,-,-
271,816,287,Yes,JULY TURNER,"Your Friend, A Beer Can",---,-,5,0,5,1,0,1,0,0,0,0,1,0.003,0,0.003,458,531,1,1,1,1,0,1,385,1,570,0,-,-,287,-,-,-,-,-,-,-,-,-,-
281,827,288,Yes,GAVIN ADCOCK,Ain't No Cure,---,-,5,0,5,1,0,1,0,0,0,0,1,0.003,0,0.003,381,276,1,1,1,1,0,1,249,1,571,0,-,-,288,-,-,-,-,-,-,-,-,-,-
280,822,289,Yes,ASHLEY BROOKS,Bad News,Independent,-,5,0,5,1,0,1,0,0,0,0,1,0.003,0,0.003,390,306,1,1,1,1,0,1,429,1,572,0,-,-,289,-,-,-,-,-,-,-,-,-,-
215,474,290,Yes,JEFF & SHERI EASTER,Here Comes Jesus f/ Mo Pitney,She Loved Music,-,5,3,2,1,1,0,0,1,0,0,0,0.007,0.006,0.001,227,201,1,1,1,0.5,0.5,0,306,1,316,1,-,-,290,-,-,-,-,-,-,-,-,-,-
217,486,291,Yes,TRUESONG,Waiting For Me,New Day,-,5,3,2,1,1,0,0,1,0,0,0,0.007,0.006,0.001,237,215,1,1,1,0.5,0.5,0,283,1,317,1,-,-,291,-,-,-,-,-,-,-,-,-,-
292,422,292,Yes,AVENUE,New Name Written Down...,Penn Street Records,-,5,3,2,1,1,0,0,1,0,0,0,0.007,0.006,0.001,223,196,1,1,1,0.5,0.5,0,284,1,318,1,-,-,292,-,-,-,-,-,-,-,-,-,-
53,427,293,Yes,DILLON CARMICHAEL,Hot Beer,Riser House,-,5,3,2,1,2,-1,0,1,0,0,0,0.007,0.005,0.002,226,219,1,1,1,0.3,0.7,-0.3,277,1,319,1,-,-,293,-,-,-,-,-,-,-,-,-,-
294,-,294,Yes,BELLAMY BROTHERS/GENE WATSON,Forever Ain't Long Enough,Bellamy Bros.,-,5,0,5,3,0,3,2,1,0,0,0,0.003,0,0.003,384,291,3,3,3,1,0,1,500,1,320,1,-,-,294,-,-,-,-,-,-,-,-,-,-
295,-,295,Yes,WYATT MCCUBBIN,Keep Your Radio On,50 Egg Records/Tape Room,-,5,0,5,2,0,2,0,0,2,0,0,0.011,0,0.011,193,447,1,1,1,2,0,2,188,2,271,2,-,-,295,-,-,-,-,-,-,-,-,-,-
296,-,296,Yes,TYLER HUBBARD,Wish You Would,EMI Nashville,-,5,0,5,2,0,2,0,2,0,0,0,0.006,0,0.006,267,394,1,1,1,2,0,2,220,2,272,2,-,-,296,-,-,-,-,-,-,-,-,-,-
185,-,297,Yes,MEGAN MORONEY,Lucky,Columbia/Columbia Nash,-,5,0,5,1,0,1,0,0,0,1,0,0.01,0,0.01,200,460,1,1,1,1,0,1,243,1,321,1,-,-,297,-,-,-,-,-,-,-,-,-,-
298,-,298,Yes,JORDAN FAMILY BAND,In God's Time,Skyland Records,-,5,0,5,1,0,1,0,0,1,0,0,0.01,0,0.01,198,413,1,1,1,1,0,1,376,1,322,1,-,-,298,-,-,-,-,-,-,-,-,-,-
299,-,299,Yes,OLD PATHS,He Bought Me,Sonlite,-,5,0,5,1,0,1,0,0,1,0,0,0.01,0,0.01,201,472,1,1,1,1,0,1,474,1,323,1,-,-,299,-,-,-,-,-,-,-,-,-,-
255,-,300,Yes,GUARDIANS QUARTET,He Grew The Tree,Daywind Records,-,5,0,5,1,0,1,0,0,1,0,0,0.01,0,0.01,203,480,1,1,1,1,0,1,458,1,324,1,-,-,300,-,-,-,-,-,-,-,-,-,-
301,-,301,Yes,DRAKE MILLIGAN,What I Couldn't Forget,Stoney Creek,-,5,0,5,1,0,1,0,0,0,1,0,0.008,0,0.008,213,455,1,1,1,1,0,1,394,1,325,1,-,-,301,-,-,-,-,-,-,-,-,-,-
122,-,302,Yes,OLD DOMINION,Love Drunk And Happy,Columbia Nashville,-,5,0,5,1,0,1,0,1,0,0,0,0.008,0,0.008,215,471,1,1,1,1,0,1,515,1,326,1,-,-,302,-,-,-,-,-,-,-,-,-,-
145,-,303,Yes,MATT DAME,Some Things You Can't Do,---,-,5,0,5,1,0,1,0,1,0,0,0,0.008,0,0.008,211,341,1,1,1,1,0,1,270,1,327,1,-,-,303,-,-,-,-,-,-,-,-,-,-
32,-,304,Yes,MATT STELL,Man Made,RECORDS Nashville,-,5,0,5,1,0,1,0,1,0,0,0,0.008,0,0.008,221,511,1,1,1,1,0,1,428,1,328,1,-,-,304,-,-,-,-,-,-,-,-,-,-
284,-,305,Yes,KNIGHT FAMILY,In The Waiting,AOK,-,5,0,5,1,0,1,0,1,0,0,0,0.007,0,0.007,232,429,1,1,1,1,0,1,418,1,329,1,-,-,305,-,-,-,-,-,-,-,-,-,-
123,-,306,Yes,REBA MCENTIRE,"Hallelujah, Amen",Valory/NASH Icon,-,5,0,5,1,0,1,0,1,0,0,0,0.007,0,0.007,236,448,1,1,1,1,0,1,268,1,330,1,-,-,306,-,-,-,-,-,-,-,-,-,-
154,-,307,Yes,ANNE WILSON,My Jesus,Capitol/Cap CMG,-,5,0,5,1,0,1,0,1,0,0,0,0.007,0,0.007,240,559,1,1,1,1,0,1,504,1,331,1,55,366,307,-,772,-,-,-,-,-,-,-,-
231,-,308,Yes,MASTER'S VOICE,Peace Like A River,Sonlite,-,5,0,5,1,0,1,0,1,0,0,0,0.007,0,0.007,234,442,1,1,1,1,0,1,271,1,332,1,-,-,308,-,-,-,-,-,-,-,-,-,-
260,-,309,Yes,RANDALL KING,I'll Fly Away,Warner/WMN,-,5,0,5,1,0,1,0,1,0,0,0,0.007,0,0.007,231,424,1,1,1,1,0,1,263,1,333,1,-,-,309,-,-,-,-,-,-,-,-,-,-
310,-,310,Yes,ASHLEY WALLS,Beside You,Goose Creek Inn Records,-,5,0,5,1,0,1,0,0,0,0,1,0.004,0,0.004,379,548,1,1,1,1,0,1,534,1,573,0,-,-,310,-,-,-,-,-,-,-,-,-,-
299,-,311,Yes,MARK WARE,Can't Touch You,Perry Music Group,-,5,0,5,1,0,1,0,0,0,0,1,0.004,0,0.004,380,550,1,1,1,1,0,1,333,1,574,0,-,-,311,-,-,-,-,-,-,-,-,-,-
303,-,312,Yes,SHANE SMITH & THE SAINTS,All The Way,Geronimo W./Thirty Tigers,-,5,0,5,1,0,1,0,0,0,0,1,0.003,0,0.003,452,502,1,1,1,1,0,1,334,1,575,0,-,-,312,-,-,-,-,-,-,-,-,-,-
220,-,313,Yes,TONY JACKSON,Country Road,DDS Enterainment,-,5,0,5,1,0,1,0,0,0,0,1,0.003,0,0.003,418,401,1,1,1,1,0,1,452,1,576,0,-,-,313,-,-,-,-,-,-,-,-,-,-
143,-,314,Yes,WHISKEY MYERS,Bury My Bones,Wiggy Thump/Thirty Tigers,-,5,0,5,1,0,1,0,0,0,0,1,0.003,0,0.003,464,553,1,1,1,1,0,1,440,1,577,0,-,-,314,-,-,-,-,-,-,-,-,-,-
102,-,315,Yes,CODY JINKS,Same Kind Of Crazy As Me,Late August,-,5,0,5,1,0,1,0,0,0,0,1,0.003,0,0.003,419,406,1,1,1,1,0,1,398,1,578,0,-,-,315,-,-,-,-,-,-,-,-,-,-
237,-,316,Yes,BLACKBERRY SMOKE,Waiting For The Thunder,3 Legged/Thirty Tigers,-,5,0,5,1,0,1,0,0,0,0,1,0.003,0,0.003,386,297,1,1,1,1,0,1,304,1,579,0,-,-,316,-,-,-,-,-,-,-,-,-,-
303,-,317,Yes,TURNPIKE TROUBADOURS,A Cat In The Rain,BossierCity/Thirty Tigers,-,5,0,5,1,0,1,0,0,0,0,1,0.003,0,0.003,459,532,1,1,1,1,0,1,310,1,580,0,-,-,317,-,-,-,-,-,-,-,-,-,-
90,-,318,Yes,CHRIS STAPLETON,Devil Always Made Me Think...,Mercury Nashville,-,5,0,5,1,0,1,0,0,0,0,1,0.003,0,0.003,454,509,1,1,1,1,0,1,530,1,581,0,-,-,318,-,-,-,-,-,-,-,-,-,-
112,-,319,Yes,RANDALL KING,She Gone,Warner/WEA,-,5,0,5,1,0,1,0,0,0,0,1,0.003,0,0.003,428,425,1,1,1,1,0,1,434,1,582,0,-,-,319,-,-,-,-,-,-,-,-,-,-
265,-,320,Yes,FLATLAND CAVALRY,Oughta See You (The Way I Do),Flatland Cav./Interscope,-,5,0,5,1,0,1,0,0,0,0,1,0.003,0,0.003,409,371,1,1,1,1,0,1,491,1,583,0,-,-,320,-,-,-,-,-,-,-,-,-,-
244,-,321,Yes,TYLER BOOTH,Hank Crankin' People,---,-,5,0,5,1,0,1,0,0,0,0,1,0.003,0,0.003,387,302,1,1,1,1,0,1,450,1,584,0,-,-,321,-,-,-,-,-,-,-,-,-,-
282,-,322,Yes,FARON HAMBLIN,Hurtin' Songs,---,-,5,0,5,1,0,1,0,0,0,0,1,0.003,0,0.003,413,383,1,1,1,1,0,1,427,1,585,0,-,-,322,-,-,-,-,-,-,-,-,-,-
119,-,323,Yes,MORGAN WADE,Take Me Away,Arista Nashville,-,5,0,5,1,0,1,0,0,0,0,1,0.003,0,0.003,460,540,1,1,1,1,0,1,401,1,586,0,-,-,323,-,-,-,-,-,-,-,-,-,-
126,-,324,Yes,CURTIS GRIMES,From Where I'm Standing,Lonely River,-,5,0,5,1,0,1,0,0,0,0,1,0.003,0,0.003,411,378,1,1,1,1,0,1,351,1,587,0,-,-,324,-,-,-,-,-,-,-,-,-,-
89,-,325,Yes,CASEY DONAHEW,That Got The Girl,Alm.Country/Thirty Tigers,-,5,0,5,1,0,1,0,0,0,0,1,0.003,0,0.003,402,348,1,1,1,1,0,1,248,1,588,0,-,-,325,-,-,-,-,-,-,-,-,-,-
311,-,326,Yes,COREY SMITH,The Regular,UNDERtone Records,-,5,0,5,1,0,1,0,0,0,0,1,0.003,0,0.003,451,501,1,1,1,1,0,1,366,1,589,0,-,-,326,-,-,-,-,-,-,-,-,-,-
115,-,327,Yes,NIKO MOON,HEAVEN HAS A BAR f/Zac Brown,RCA Nashville,-,5,0,5,1,0,1,0,0,0,0,1,0.003,0,0.003,438,456,1,1,1,1,0,1,467,1,590,0,-,-,327,-,-,-,-,-,-,-,-,-,-
177,-,328,Yes,LEAH BELLE FASER,Better Than Mine,LBF,-,5,0,5,1,0,1,0,0,0,0,1,0.003,0,0.003,405,365,1,1,1,1,0,1,358,1,591,0,-,-,328,-,-,-,-,-,-,-,-,-,-
329,-,329,Yes,BRYAN ANDERSON,Weekend,---,-,5,0,5,1,0,1,1,0,0,0,0,0.001,0,0.001,487,283,1,1,1,1,0,1,548,0,592,0,-,-,329,-,-,-,-,-,-,-,-,-,-
325,325,330,Yes,CAM VANCE,That's What Hurts The Most,Vance Records,-,5,5,0,1,1,0,0,0,0,0,1,0.004,0.004,0,376,244,1,0,1,1,1,0,410,1,593,0,-,-,330,-,-,-,-,-,-,-,-,-,-
326,326,331,Yes,MATT ROGERS,Whatever Keeps You Crazy,Matt Rogers Country,-,5,5,0,1,1,0,0,0,0,0,1,0.004,0.004,0,372,242,1,0,1,1,1,0,260,1,594,0,-,-,331,-,-,-,-,-,-,-,-,-,-
328,328,332,Yes,ADAM KIRKPATRICK,A Place Of Tears,---,-,5,5,0,1,1,0,0,0,0,0,1,0.004,0.004,0,367,237,1,0,1,1,1,0,404,1,595,0,-,-,332,-,-,-,-,-,-,-,-,-,-
295,352,333,Yes,SMOKEY JONES/3 DOLLAR PISTOLS,Like All The Stars,---,-,5,5,0,1,1,0,0,0,0,0,1,0.004,0.004,0,366,235,1,0,1,1,1,0,414,1,596,0,-,-,333,-,-,-,-,-,-,-,-,-,-
184,357,334,Yes,HARDY,JACK,Big Loud Rock/Big Loud,-,5,5,0,1,1,0,0,0,0,0,1,0.004,0.004,0,362,233,1,0,1,1,1,0,339,1,597,0,-,-,334,-,-,-,-,98,-,-,-,-,1628
158,282,335,Yes,JOSH WARD,The Devil Don't Scare Me,---,-,5,5,0,1,1,0,0,0,0,0,1,0.003,0.003,0,462,254,1,0,1,1,1,0,265,1,598,0,-,-,335,-,-,-,-,-,-,-,-,-,-
68,305,336,Yes,CRAIG MORGAN,"The Father, My Son, And The...",Broken Bow,-,5,5,0,1,1,0,0,0,0,0,1,0.003,0.002,0.001,440,264,1,0,1,1,1,0,368,1,599,0,-,-,336,-,-,-,-,-,-,-,-,-,-
286,286,337,Yes,JON LANGSTON,I Ain't Country f/T. Denning,EMI Nashville,-,5,5,0,1,1,0,0,0,0,0,1,0.003,0.003,0,432,251,1,0,1,1,1,0,229,1,600,0,-,-,337,-,-,-,-,-,-,-,-,-,-
63,294,338,Yes,KIDD G,Daylight Savings,Rebel/Valory/Geffen,-,5,5,0,1,1,0,0,0,0,0,1,0.003,0.003,0,424,249,1,0,1,1,1,0,512,1,601,0,-,-,338,-,-,-,-,-,-,-,-,-,-
79,234,339,,PARKER MCCOLLUM,Like A Cowboy,MCA Nashville,-,5,8,-3,1,2,-1,0,0,0,0,1,0.003,0.012,-0.009,435,174,1,1,1,0.5,1,-0.5,438,1,602,0,-,-,339,-,-,-,-,-,-,-,-,-,-
154,227,340,,JORDAN DAVIS,A Little Lime,MCA Nashville,-,5,9,-4,3,4,-1,2,0,0,0,1,0,0.002,-0.002,513,259,3,1,3,0.6,0.8,-0.2,513,1,603,0,-,-,340,-,-,-,-,-,-,-,-,-,-
85,222,341,,ZACH BRYAN,Oklahoma Smokeshow,Warner,-,5,9,-4,2,4,-2,1,0,1,0,0,0.004,0.012,-0.008,359,171,1,0,1,2,4,-2,496,1,334,1,-,-,341,-,-,-,-,-,-,-,-,-,-
93,208,342,,FOR KING & COUNTRY,God Only Knows,Curb Word,-,5,10,-5,1,2,-1,1,0,0,0,0,0.002,0.018,-0.016,473,138,1,0,1,1,2,-1,543,0,604,0,1626,2537,342,-,933,-,-,-,-,-,-,-,-
156,199,343,,LUKE COMBS,Don't Tempt Me,River House/Columbia Nash,-,5,11,-6,3,5,-2,2,0,0,0,1,0,0.002,-0.002,512,257,3,0,3,0.6,1,-0.4,426,1,605,0,-,-,343,-,-,-,-,-,-,-,-,-,-
77,179,344,,TIM DUGGER,You're Gonna Love Me,MCC/Curb,-,5,15,-10,1,3,-2,0,0,0,1,0,0.009,0.016,-0.007,207,146,1,0,1,1,3,-2,519,1,335,1,-,-,344,-,-,-,-,-,-,-,-,-,-
140,745,345,Yes,DEMI LOVATO,The Star-Spangled Banner,---,-,4,0,4,1,0,1,0,0,1,0,0,0.008,0,0.008,212,438,1,1,1,1,0,1,365,1,336,1,-,-,345,-,-,-,-,-,-,-,-,-,-
190,753,346,Yes,11TH HOUR,Awake,Sonlite,-,4,0,4,1,0,1,0,1,0,0,0,0.006,0,0.006,242,275,1,1,1,1,0,1,262,1,337,1,-,-,346,-,-,-,-,-,-,-,-,-,-
206,683,347,Yes,SOUND,All Things,New Day,-,4,0,4,1,0,1,0,1,0,0,0,0.006,0,0.006,293,505,1,1,1,1,0,1,506,1,338,1,-,-,347,-,-,-,-,-,-,-,-,-,-
186,764,348,Yes,KAREN PECK & NEW RIVER,The Keepers,Daywind,-,4,0,4,1,0,1,0,1,0,0,0,0.006,0,0.006,273,418,1,1,1,1,0,1,246,1,339,1,-,-,348,-,-,-,-,-,-,-,-,-,-
203,762,349,Yes,ERNIE HAASE & SIGNATURE SOUND,I Know My Savior Cares,StowTown,-,4,0,4,1,0,1,0,1,0,0,0,0.006,0,0.006,263,380,1,1,1,1,0,1,266,1,340,1,-,-,349,-,-,-,-,-,-,-,-,-,-
296,749,350,Yes,JAKE AND JENNY,Across This Bar,---,-,4,0,4,1,0,1,0,0,0,0,1,0.004,0,0.004,365,402,1,1,1,1,0,1,396,1,606,0,-,-,350,-,-,-,-,-,-,-,-,-,-
322,751,351,Yes,HOPE SHANLEY,Hat Back,---,-,4,0,4,1,0,1,0,0,0,0,1,0.004,0,0.004,374,495,1,1,1,1,0,1,244,1,607,0,-,-,351,-,-,-,-,-,-,-,-,-,-
343,768,352,Yes,KIN FAUX,Honky Tonk Honey,---,-,4,0,4,1,0,1,0,0,0,0,1,0.003,0,0.003,425,421,1,1,1,1,0,1,479,1,608,0,-,-,352,-,-,-,-,-,-,-,-,-,-
353,776,353,Yes,WILLIAM BECKMANN,All Of My Ex's (Still Make..),Highway 90,-,4,0,4,1,0,1,0,0,0,0,1,0.003,0,0.003,383,290,1,1,1,1,0,1,342,1,609,0,-,-,353,-,-,-,-,-,-,-,-,-,-
129,780,354,Yes,GEORGE STRAIT,All My Ex's Live... (Live '14),MCA Nashville,-,4,0,4,1,0,1,0,0,0,0,1,0,0,0,553,512,1,1,1,1,0,1,411,1,610,0,-,-,354,-,-,-,-,-,-,-,-,-,-
86,539,355,Yes,KIDD G,Summer In A Small Town,Rebel/Valory/Geffen,-,4,2,2,2,1,1,0,0,1,0,1,0.005,0.004,0.001,335,236,1,0,1,2,1,1,202,2,341,1,-,-,355,-,-,-,-,-,-,-,-,-,-
40,542,356,Yes,KASSI ASHTON,Drive You Out Of My Mind,MCA Nashville/Interscope,-,4,2,2,2,1,1,2,0,0,0,0,0,0,0,506,284,1,0,1,2,1,1,552,0,611,0,-,-,356,-,-,-,-,-,-,-,-,-,-
76,-,357,Yes,JASON ALDEAN,Tough Crowd,Macon Music/Broken Bow,-,4,0,4,2,0,2,1,0,1,0,0,0.005,0,0.005,314,281,1,1,1,2,0,2,348,1,342,1,-,-,357,-,-,-,-,-,-,-,-,-,-
121,359,358,Yes,MORGAN WALLEN,Outlaw f/Ben Burgess,Big Loud/Republic,-,4,4,0,2,2,0,0,0,1,1,0,0.007,0.007,0,239,194,1,0,1,2,2,0,192,2,273,2,-,-,358,-,-,-,-,-,-,-,-,-,-
115,367,359,Yes,CRAIG MORGAN & JELLY ROLL,Almost Home,Broken Bow,-,4,4,0,2,2,0,1,0,1,0,0,0.004,0.004,0,371,241,1,0,1,2,2,0,290,1,343,1,-,-,359,-,-,-,-,-,-,-,-,-,-
75,-,360,Yes,HILLARY SCOTT/THE SCOTT FAMILY,Thy Will,EMI Nashville/Cap CMG,-,4,0,4,1,0,1,0,0,0,1,0,0.008,0,0.008,219,493,1,1,1,1,0,1,423,1,344,1,83,-,360,-,-,-,-,-,-,-,-,-,-
316,-,361,Yes,BAILEY ZIMMERMAN,God's Gonna Cut You Down,Warner/WEA/Elektra,-,4,0,4,1,0,1,0,0,0,1,0,0.008,0,0.008,222,564,1,1,1,1,0,1,267,1,345,1,-,-,361,-,-,-,-,-,-,-,-,-,-
240,-,362,Yes,CODY JOHNSON,Star Spangled Banner,---,-,4,0,4,1,0,1,0,0,1,0,0,0.007,0,0.007,230,409,1,1,1,1,0,1,391,1,346,1,-,-,362,-,-,-,-,-,-,-,-,-,-
363,-,363,Yes,TRACE ADKINS & SNOOP DOGG,So Do The Neighbors,Verge Nashville,-,4,0,4,1,0,1,0,0,1,0,0,0.007,0,0.007,224,278,1,1,1,1,0,1,327,1,347,1,-,-,363,-,-,-,-,-,-,-,-,-,-
177,-,364,Yes,KIM HOPPER,Leavin' On My Mind,KGH Records,-,4,0,4,1,0,1,0,1,0,0,0,0.006,0,0.006,265,391,1,1,1,1,0,1,441,1,348,1,-,-,364,-,-,-,-,-,-,-,-,-,-
209,-,365,Yes,SOUTHBOUND,He's Got A Way,Daywind,-,4,0,4,1,0,1,0,1,0,0,0,0.006,0,0.006,294,506,1,1,1,1,0,1,294,1,349,1,-,-,365,-,-,-,-,-,-,-,-,-,-
188,-,366,Yes,TAYLORS,I Choose Joy,Stow Town,-,4,0,4,1,0,1,0,1,0,0,0,0.006,0,0.006,298,520,1,1,1,1,0,1,508,1,350,1,-,-,366,-,-,-,-,-,-,-,-,-,-
249,-,367,Yes,COLLINGSWORTH FAMILY,The Lamb,StowTown,-,4,0,4,1,0,1,0,1,0,0,0,0.006,0,0.006,252,330,1,1,1,1,0,1,326,1,351,1,-,-,367,-,-,-,-,-,-,-,-,-,-
255,-,368,Yes,PAID IN FULL,Let Us Pray,StowTown,-,4,0,4,1,0,1,0,1,0,0,0,0.006,0,0.006,289,474,1,1,1,1,0,1,482,1,352,1,-,-,368,-,-,-,-,-,-,-,-,-,-
175,-,369,Yes,KINGDOM HEIRS,Never Changing God,Sonlite,-,4,0,4,1,0,1,0,1,0,0,0,0.006,0,0.006,278,427,1,1,1,1,0,1,518,1,353,1,-,-,369,-,-,-,-,-,-,-,-,-,-
187,-,370,Yes,THE MCKAMEYS,So Good To Me,Horizon,-,4,0,4,1,0,1,0,1,0,0,0,0.006,0,0.006,300,524,1,1,1,1,0,1,314,1,354,1,-,-,370,-,-,-,-,-,-,-,-,-,-
267,-,371,Yes,LAUREN TALLEY,This Is For You,Horizon,-,4,0,4,1,0,1,0,1,0,0,0,0.006,0,0.006,297,519,1,1,1,1,0,1,311,1,355,1,-,-,371,875,-,-,-,-,-,-,-,-,-
218,-,372,Yes,STEELES,A Hundred Different Altars,StowTown,-,4,0,4,1,0,1,0,1,0,0,0,0.006,0,0.006,295,510,1,1,1,1,0,1,492,1,356,1,-,-,372,-,-,-,-,-,-,-,-,-,-
88,-,373,Yes,LUKE COMBS,You Found Yours,River House/Columbia Nash,-,4,0,4,1,0,1,0,1,0,0,0,0.006,0,0.006,255,333,1,1,1,1,0,1,392,1,357,1,-,-,373,-,-,-,-,-,-,-,-,-,-
312,-,374,Yes,ERIN ENDERLIN,Somebody's Shot Of Whiskey,Black Crow/Blaster,-,4,0,4,1,0,1,0,0,0,1,0,0.005,0,0.005,327,357,1,1,1,1,0,1,463,1,358,1,-,-,374,-,-,-,-,-,-,-,-,-,-
302,-,375,Yes,MARYBETH BYRD,Truly Livin',---,-,4,0,4,1,0,1,0,0,0,1,0,0.005,0,0.005,318,317,1,1,1,1,0,1,234,1,359,1,-,-,375,-,-,-,-,-,-,-,-,-,-
309,-,376,Yes,ASHTYN BARBAREE,Take It Back,---,-,4,0,4,1,0,1,0,0,0,1,0,0.005,0,0.005,316,288,1,1,1,1,0,1,522,1,360,1,-,-,376,-,-,-,-,-,-,-,-,-,-
297,-,377,Yes,DAVID ADAM BYRNES,If I Was Your Cowboy,Reviver,-,4,0,4,1,0,1,0,0,0,1,0,0.005,0,0.005,319,318,1,1,1,1,0,1,264,1,361,1,-,-,377,-,-,-,-,-,-,-,-,-,-
345,-,378,Yes,ALEXIS WILKINS,Country Back,Saddle Up,-,4,0,4,1,0,1,0,0,0,1,0,0.005,0,0.005,355,556,1,1,1,1,0,1,495,1,362,1,-,-,378,-,-,-,-,-,-,-,-,-,-
235,-,379,Yes,LOUIE BELLO,Tennessee,---,-,4,0,4,1,0,1,0,0,0,0,1,0.004,0,0.004,358,292,1,1,1,1,0,1,259,1,612,0,-,-,379,-,-,-,-,-,-,-,-,-,-
314,-,380,Yes,KATE CAMERON,Turn On Your Light,A Frame Records,-,4,0,4,1,0,1,0,0,0,0,1,0.004,0,0.004,360,320,1,1,1,1,0,1,449,1,613,0,-,-,380,-,-,-,-,-,-,-,-,-,-
355,-,381,Yes,CARLY TEFFT,Freedom In This Country...,CT Music,-,4,0,4,1,0,1,0,0,0,0,1,0.004,0,0.004,375,521,1,1,1,1,0,1,315,1,614,0,-,-,381,-,-,-,-,-,-,-,-,-,-
178,-,382,Yes,CHAD COOKE BAND,Cowboy's Cowgirl,---,-,4,0,4,1,0,1,0,0,0,0,1,0.003,0,0.003,399,335,1,1,1,1,0,1,493,1,615,0,-,-,382,-,-,-,-,-,-,-,-,-,-
143,-,383,Yes,MIKE RYAN,Damn Good Goodbye,Rock & Soul,-,4,0,4,1,0,1,0,0,0,0,1,0.003,0,0.003,447,491,1,1,1,1,0,1,447,1,616,0,-,-,383,-,-,-,-,-,-,-,-,-,-
297,-,384,Yes,MATT CASTILLO,Go Get Her,Smith Music Group,-,4,0,4,1,0,1,0,0,0,0,1,0.003,0,0.003,396,323,1,1,1,1,0,1,505,1,617,0,-,-,384,-,-,-,-,-,-,-,-,-,-
184,-,385,Yes,CODY JOHNSON,Diamond In My Pocket (Live),CoJo/Warner/WMN,-,4,0,4,1,0,1,0,0,0,0,1,0.003,0,0.003,420,408,1,1,1,1,0,1,525,1,618,0,-,-,385,-,-,-,-,-,-,-,-,-,-
386,-,386,Yes,PARKER MCCOLLUM,Perfectly Lonely,MCA Nashville,-,4,0,4,1,0,1,0,0,0,0,1,0.003,0,0.003,436,445,1,1,1,1,0,1,469,1,619,0,-,-,386,-,-,-,-,-,-,-,-,-,-
89,-,387,Yes,AARON WATSON,Seven Year Ache f/J. Paulette,Adub,-,4,0,4,1,0,1,0,0,0,0,1,0.003,0,0.003,463,552,1,1,1,1,0,1,381,1,620,0,-,-,387,-,-,-,-,-,-,-,-,-,-
95,-,388,Yes,WADE BOWEN,Honky Tonk Roll,Bowen Sound/Thirty Tigers,-,4,0,4,1,0,1,0,0,0,0,1,0.003,0,0.003,388,303,1,1,1,1,0,1,232,1,621,0,-,-,388,-,-,-,-,-,-,-,-,-,-
363,-,389,Yes,JOSH ABBOTT BAND,Barstool Boys,Pretty Damn Tough,-,4,0,4,1,0,1,0,0,0,0,1,0.003,0,0.003,421,416,1,1,1,1,0,1,514,1,622,0,-,-,389,-,-,-,-,-,-,-,-,-,-
132,-,390,Yes,RANDY ROGERS BAND,Fast Car,TommyJacksn/Thirty Tigers,-,4,0,4,1,0,1,0,0,0,0,1,0.003,0,0.003,446,487,1,1,1,1,0,1,424,1,623,0,-,-,390,-,-,-,-,-,-,-,-,-,-
219,-,391,Yes,JOSH ABBOTT BAND,Where's The Party,Atlantic/WEA,-,4,0,4,1,0,1,0,0,0,0,1,0.003,0,0.003,423,417,1,1,1,1,0,1,378,1,624,0,-,-,391,-,-,-,-,-,-,-,-,-,-
87,-,392,Yes,GRANT GILBERT,Six Pack State Of...f/J.Abbott,River House,-,4,0,4,1,0,1,0,0,0,0,1,0.003,0,0.003,410,375,1,1,1,1,0,1,236,1,625,0,-,-,392,-,-,-,-,-,-,-,-,-,-
393,-,393,Yes,RANDALL KING,Somewhere Over Us,Warner Nashville/WAR,-,4,0,4,1,0,1,0,0,0,0,1,0.003,0,0.003,429,426,1,1,1,1,0,1,332,1,626,0,-,-,393,-,-,-,-,-,-,-,-,-,-
394,-,394,Yes,RANDALL KING,Good Feelin',Warner Nashville/WAR,-,4,0,4,1,0,1,0,0,0,0,1,0.003,0,0.003,426,423,1,1,1,1,0,1,364,1,627,0,-,-,394,-,-,-,-,-,-,-,-,-,-
262,-,395,Yes,GRASCALS,He Took Your Place,Mountain Home Music,-,4,0,4,1,0,1,0,1,0,0,0,0.001,0,0.001,491,376,1,1,1,1,0,1,316,1,363,1,-,-,395,-,-,-,-,-,-,-,-,-,-
105,-,396,Yes,DUSTIN SONNIER,People Like Me,---,-,4,0,4,1,0,1,0,0,0,0,1,0,0,0,552,504,1,1,1,1,0,1,303,1,628,0,-,-,396,-,-,-,-,-,-,-,-,-,-
268,-,397,Yes,JAMES DUPRE,You're Probably Drunk Right...,---,-,4,0,4,1,0,1,0,0,0,0,1,0,0,0,517,351,1,1,1,1,0,1,369,1,629,0,-,-,397,-,-,-,-,-,-,-,-,-,-
241,410,398,Yes,THE ERWINS,Still Telling My Story,StowTown,-,4,4,0,1,1,0,0,1,0,0,0,0.006,0.006,0,299,212,1,0,1,1,1,0,231,1,364,1,-,-,398,-,-,-,-,-,-,-,-,-,-
208,411,399,Yes,LEFEVRE QUARTET,God's Been Good,New Day,-,4,4,0,1,1,0,0,1,0,0,0,0.006,0.006,0,280,210,1,0,1,1,1,0,256,1,365,1,-,-,399,-,-,-,-,-,-,-,-,-,-
188,360,400,Yes,DOWN EAST BOYS,Ready To Leave,Sonlite,-,4,4,0,1,1,0,0,1,0,0,0,0.006,0.006,0,257,200,1,0,1,1,1,0,420,1,366,1,-,-,400,-,-,-,-,-,-,-,-,-,-
209,363,401,Yes,JUSTIFIED QUARTET,Turn Your Back,Big Picture,-,4,4,0,1,1,0,0,1,0,0,0,0.006,0.006,0,271,205,1,0,1,1,1,0,293,1,367,1,-,-,401,-,-,-,-,-,-,-,-,-,-
145,383,402,Yes,TRIBUTE QUARTET,I Call It Home,Daywind,-,4,4,0,1,1,0,0,1,0,0,0,0.006,0.006,0,302,214,1,0,1,1,1,0,257,1,368,1,-,-,402,-,-,-,-,-,-,-,-,-,-
275,413,403,Yes,KENNA TURNER WEST,Pray On,Sonlite,-,4,4,0,1,1,0,0,1,0,0,0,0.006,0.006,0,306,216,1,0,1,1,1,0,511,1,369,1,-,-,403,-,-,-,-,-,-,-,-,-,-
303,412,404,Yes,INSPIRATIONS,We Shall Rise,Horizon,-,4,4,0,1,1,0,0,1,0,0,0,0.006,0.006,0,268,204,1,0,1,1,1,0,338,1,370,1,-,-,404,-,-,-,-,-,-,-,-,-,-
390,390,405,Yes,BROOKE HINDLE,Lost On The Backroads,---,-,4,4,0,1,1,0,0,0,0,0,1,0.004,0.004,0,363,234,1,0,1,1,1,0,377,1,630,0,-,-,405,-,-,-,-,-,-,-,-,-,-
388,391,406,Yes,JOSEPH GALLANT,Can't Blame A Heart,---,-,4,4,0,1,1,0,0,0,0,0,1,0.004,0.004,0,361,232,1,0,1,1,1,0,245,1,631,0,-,-,406,-,-,-,-,-,-,-,-,-,-
390,393,407,Yes,REED KIRKWOOD,Let Me Leave You,Simply Twenty One,-,4,4,0,1,1,0,0,0,0,0,1,0.004,0.004,0,368,238,1,0,1,1,1,0,367,1,632,0,-,-,407,-,-,-,-,-,-,-,-,-,-
393,394,408,Yes,CHRIS RUEDIGER,Kid Anymore,---,-,4,4,0,1,1,0,0,0,0,0,1,0.004,0.004,0,373,243,1,0,1,1,1,0,237,1,633,0,-,-,408,-,-,-,-,-,-,-,-,-,-
384,415,409,Yes,MATT CASTILLO,Te Necesito,Texace Records,-,4,4,0,1,1,0,0,0,0,0,1,0.003,0.003,0,397,246,1,0,1,1,1,0,318,1,634,0,-,-,409,-,-,-,-,-,-,-,-,-,-
231,395,410,Yes,KOE WETZEL,28-Feb-16,YellaBush Records,-,4,4,0,1,1,0,0,0,0,0,1,0.003,0.003,0,430,250,1,0,1,1,1,0,538,1,635,0,-,-,410,-,-,-,-,-,-,-,-,-,-
146,312,411,Yes,GOODMAN REVIVAL,When They Ring The Bells Of...,Gaither Music Group,-,4,5,-1,1,1,0,0,1,0,0,0,0.006,0.01,-0.004,261,178,1,1,1,0.5,0.5,0,503,1,371,1,-,-,411,-,-,-,-,-,-,-,-,-,-
87,337,412,Yes,JOSH ABBOTT BAND,Little More You,Pretty Damn Tough,-,4,5,-1,1,1,0,0,0,0,0,1,0.003,0.003,0,422,248,1,1,1,0.5,0.5,0,419,1,636,0,-,-,412,-,-,-,-,-,-,-,-,-,-
115,266,413,Yes,MIKE RYAN,Loser,Rock & Soul,-,4,6,-2,1,1,0,0,0,0,0,1,0.003,0.001,0.002,448,273,1,1,1,0.5,0.5,0,507,1,637,0,-,-,413,-,-,-,-,-,-,-,-,-,-
165,257,414,,RANDALL KING,I Could Be That Rain,Warner Nashville/WAR,-,4,8,-4,1,3,-2,0,0,0,0,1,0.003,0.006,-0.003,427,208,1,0,1,0.3,1,-0.7,462,1,638,0,-,-,414,-,-,-,-,-,-,-,-,-,-
111,221,415,,JOE PETERS,I've Seen Me Do It,JP Music,-,4,9,-5,1,2,-1,0,1,0,0,0,0.008,0.008,0,216,184,1,0,1,1,2,-1,454,1,372,1,-,-,415,-,-,-,-,-,-,-,-,-,-
37,121,416,,RILEY GREEN,If It Wasn't For Trucks,BMLG,-,4,47,-43,2,12,-10,0,0,1,1,0,0.007,0.034,-0.027,228,113,1,0,1,0.2,1.2,-1,200,2,274,2,-,-,416,-,-,-,-,-,-,-,-,-,-
186,731,417,Yes,TAYLOR SWIFT,Ours (Taylor's Version),Republic,-,3,0,3,2,0,2,2,0,0,0,0,0,0,0,557,516,2,2,2,1,0,1,554,0,639,0,-,-,417,-,-,-,-,-,-,-,-,-,-
418,680,418,Yes,LEFEVRE QUARTET,There Is A Name,New Day,-,3,0,3,1,0,1,0,1,0,0,0,0.006,0,0.006,281,436,1,1,1,1,0,1,375,1,373,1,-,-,418,-,-,-,-,-,-,-,-,-,-
419,670,419,Yes,BOOTH BROTHERS,Stand In The Storm,StowTown,-,3,0,3,1,0,1,0,1,0,0,0,0.006,0,0.006,246,300,1,1,1,1,0,1,444,1,374,1,-,-,419,-,-,-,-,-,-,-,-,-,-
420,669,420,Yes,TRIBUTE QUARTET,I Want To Get Closer,Daywind,-,3,0,3,1,0,1,0,1,0,0,0,0.006,0,0.006,303,527,1,1,1,1,0,1,457,1,375,1,-,-,420,-,-,-,-,-,-,-,-,-,-
397,700,421,Yes,GORDON MOTE,The First Song,New Haven,-,3,0,3,1,0,1,0,1,0,0,0,0.006,0,0.006,287,464,1,1,1,1,0,1,406,1,376,1,-,-,421,-,-,-,-,-,-,-,-,-,-
411,705,422,Yes,COLLINGSWORTH FAMILY,Two Or Three,Gaither,-,3,0,3,1,0,1,0,1,0,0,0,0.006,0,0.006,253,331,1,1,1,1,0,1,362,1,377,1,-,-,422,-,-,-,-,-,-,-,-,-,-
408,729,423,Yes,TIM MENZIES,Sanding Off The..f/R.Vincent..,By Grace Records,-,3,0,3,1,0,1,0,1,0,0,0,0.006,0,0.006,286,450,1,1,1,1,0,1,285,1,378,1,-,-,423,-,-,-,-,-,-,-,-,-,-
394,720,424,Yes,JIM & MELISSA BRADY,"Ever Present, Ever Faithful",Daywind Records,-,3,0,3,1,0,1,0,1,0,0,0,0.006,0,0.006,241,274,1,1,1,1,0,1,510,1,379,1,-,-,424,-,-,-,-,-,-,-,-,-,-
99,723,425,Yes,SAM HUNT,Young Once,MCA Nashville,-,3,0,3,1,0,1,0,0,1,0,0,0.005,0,0.005,333,396,1,1,1,1,0,1,477,1,380,1,-,-,425,-,-,-,-,-,-,-,-,-,-
426,725,426,Yes,RICK FARIS,"Too Lonely, Way Too Long",Dark Shadow,-,3,0,3,1,0,1,0,1,0,0,0,0.005,0,0.005,330,363,1,1,1,1,0,1,523,1,381,1,-,-,426,-,-,-,-,-,-,-,-,-,-
86,728,427,Yes,MORGAN WALLEN,Dangerous,Big Loud/Republic,-,3,0,3,1,0,1,0,1,0,0,0,0.004,0,0.004,377,541,1,1,1,1,0,1,278,1,382,1,-,-,427,-,-,-,-,-,-,-,-,-,-
104,676,428,Yes,TYLER HUBBARD,Way Home,EMI Nashville,-,3,0,3,1,0,1,0,1,0,0,0,0.003,0,0.003,416,393,1,1,1,1,0,1,499,1,383,1,-,-,428,-,-,-,-,-,-,-,-,-,-
287,671,429,Yes,MITCHELL TENPENNY,Breaking My Heart,Riser House/Columbia,-,3,0,3,1,0,1,0,1,0,0,0,0.003,0,0.003,456,522,1,1,1,1,0,1,399,1,384,1,-,-,429,-,-,-,-,-,-,-,-,-,-
430,544,430,Yes,MOLLY TUTTLE & GOLDEN HIGHWAY,El Dorado,Nonesuch/Warner,-,3,1,2,1,1,0,0,1,0,0,0,0.005,0,0.005,352,534,1,1,1,0.5,0.5,0,235,1,385,1,-,-,430,-,-,343,-,-,-,-,-,-,-
431,-,431,Yes,NATHAN WOODARD,I Want To,3770134 Records DK,-,3,0,3,1,0,1,0,1,0,0,0,0.006,0,0.006,310,562,1,1,1,1,0,1,307,1,386,1,-,-,431,-,-,-,-,-,-,-,-,-,-
195,-,432,Yes,TRIUMPHANT QUARTET,Going There,Stow Town,-,3,0,3,1,0,1,0,1,0,0,0,0.006,0,0.006,304,528,1,1,1,1,0,1,308,1,387,1,-,-,432,-,-,-,-,-,-,-,-,-,-
100,-,433,Yes,REBA MCENTIRE,Sing It Now,Valory/NASH Icon,-,3,0,3,1,0,1,0,1,0,0,0,0.006,0,0.006,285,449,1,1,1,1,0,1,445,1,388,1,-,-,433,-,-,-,-,-,-,-,-,-,-
316,-,434,Yes,JASON CRABB,When I Turn To You,Daywind,-,3,0,3,1,0,1,0,1,0,0,0,0.006,0,0.006,256,339,1,1,1,1,0,1,528,1,389,1,-,-,434,-,-,-,-,-,-,-,-,-,-
143,-,435,Yes,COLLINGSWORTH FAMILY,What The Bible Says,StowTown,-,3,0,3,1,0,1,0,1,0,0,0,0.006,0,0.006,254,332,1,1,1,1,0,1,359,1,390,1,-,-,435,-,-,-,-,-,-,-,-,-,-
436,-,436,Yes,ERNIE HAASE & SIGNATURE SOUND,We Are The Church,StowTown,-,3,0,3,1,0,1,0,1,0,0,0,0.006,0,0.006,264,381,1,1,1,1,0,1,337,1,391,1,-,-,436,-,-,-,-,-,-,-,-,-,-
437,-,437,Yes,NATHAN WOODARD,Jesus In A Faded Ford,---,-,3,0,3,1,0,1,0,1,0,0,0,0.006,0,0.006,311,563,1,1,1,1,0,1,430,1,392,1,-,-,437,-,-,-,-,-,-,-,-,-,-
438,-,438,Yes,TATE EMMONS,Means Something To Me,Artist Resource Services,-,3,0,3,1,0,1,0,1,0,0,0,0.006,0,0.006,258,356,1,1,1,1,0,1,498,1,393,1,-,-,438,-,-,-,-,-,-,-,-,-,-
439,-,439,Yes,BLACKWOOD BROTHERS QUARTET,"I, John",Daywind,-,3,0,3,1,0,1,0,1,0,0,0,0.006,0,0.006,245,298,1,1,1,1,0,1,336,1,394,1,-,-,439,-,-,-,-,-,-,-,-,-,-
308,-,440,Yes,BRYAN CARROLL,God's Not Me,Red Hen,-,3,0,3,1,0,1,0,1,0,0,0,0.006,0,0.006,250,321,1,1,1,1,0,1,478,1,395,1,-,-,440,-,-,-,-,-,-,-,-,-,-
316,-,441,Yes,KINGDOM HEIRS,The Gospel Truth,Sonlite,-,3,0,3,1,0,1,0,1,0,0,0,0.006,0,0.006,279,428,1,1,1,1,0,1,352,1,396,1,-,-,441,-,-,-,-,-,-,-,-,-,-
132,-,442,Yes,ZACH WILLIAMS,There Was Jesus f/Dolly Parton,Essential/PLG,-,3,0,3,1,0,1,0,1,0,0,0,0.006,0,0.006,309,557,1,1,1,1,0,1,408,1,397,1,422,-,442,-,-,-,-,-,-,-,-,-,-
317,-,443,Yes,JOEY + RORY,Jesus Paid It All,Gaither,-,3,0,3,1,0,1,0,1,0,0,0,0.006,0,0.006,269,407,1,1,1,1,0,1,320,1,398,1,-,-,443,-,-,-,-,-,-,-,-,-,-
387,-,444,Yes,TRUESONG,Army Of Love,Daywind,-,3,0,3,1,0,1,0,1,0,0,0,0.006,0,0.006,305,529,1,1,1,1,0,1,405,1,399,1,-,-,444,-,-,-,-,-,-,-,-,-,-
415,-,445,Yes,THE BROWNS,My View From The Valley,Stow Town,-,3,0,3,1,0,1,0,1,0,0,0,0.006,0,0.006,249,311,1,1,1,1,0,1,460,1,400,1,-,-,445,-,-,-,-,-,-,-,-,-,-
169,-,446,Yes,BRIAN FREE & ASSURANCE,Looks Like Jesus,Daywind,-,3,0,3,1,0,1,0,1,0,0,0,0.006,0,0.006,247,304,1,1,1,1,0,1,273,1,401,1,-,-,446,-,-,-,-,-,-,-,-,-,-
75,-,447,Yes,MORGAN WALLEN,Tennessee Fan,Big Loud/Mercury/Republic,-,3,0,3,1,0,1,0,0,0,1,0,0.006,0,0.006,308,546,1,1,1,1,0,1,288,1,402,1,-,-,447,-,-,-,-,-,-,-,-,-,-
100,-,448,Yes,LITTLE BIG TOWN,Beat Up Bible,Capitol Nashville,-,3,0,3,1,0,1,0,1,0,0,0,0.006,0,0.006,282,437,1,1,1,1,0,1,490,1,403,1,-,-,448,-,-,-,-,-,-,-,-,-,-
398,-,449,Yes,KIM HOPPER,What A Friend We Have In Jesus,KGH Records,-,3,0,3,1,0,1,0,1,0,0,0,0.006,0,0.006,266,392,1,1,1,1,0,1,453,1,404,1,-,-,449,-,-,-,-,-,-,-,-,-,-
450,-,450,Yes,PRISCILLA BLOCK,Good On You,Mercury Nashville,-,3,0,3,1,0,1,0,0,1,0,0,0.005,0,0.005,317,299,1,1,1,1,0,1,356,1,405,1,-,-,450,-,-,-,-,-,-,-,-,-,-
94,-,451,Yes,RUSSELL DICKERSON,It's About Time f/FGL,Triple Tigers,-,3,0,3,1,0,1,0,0,1,0,0,0.005,0,0.005,324,344,1,1,1,1,0,1,255,1,406,1,-,-,451,-,-,-,-,-,-,-,-,-,-
87,-,452,Yes,MORGAN WALLEN,Me + All Your Reasons,Big Loud/Mercury/Republic,-,3,0,3,1,0,1,0,0,1,0,0,0.005,0,0.005,354,543,1,1,1,1,0,1,299,1,407,1,-,-,452,-,-,-,-,-,-,-,-,-,-
104,-,453,Yes,ADAM DOLEAC,Way Over You,Arista Nashville,-,3,0,3,1,0,1,0,0,1,0,0,0.005,0,0.005,325,346,1,1,1,1,0,1,371,1,408,1,-,-,453,-,-,-,-,-,-,-,-,-,-
91,-,454,Yes,TRAVIS DENNING,Strawberry Wine And A Cheap...,Mercury Nashville,-,3,0,3,1,0,1,0,0,1,0,0,0.005,0,0.005,323,343,1,1,1,1,0,1,328,1,409,1,-,-,454,-,-,-,-,-,-,-,-,-,-
455,-,455,Yes,AJ LEE & BLUE SUMMIT,Not Gonna Cry Over You,---,-,3,0,3,1,0,1,0,1,0,0,0,0.005,0,0.005,338,434,1,1,1,1,0,1,443,1,410,1,-,-,455,-,-,-,-,-,-,-,-,-,-
212,-,456,Yes,SPECIAL CONSENSUS,Chicago Barn Dance,Compass,-,3,0,3,1,0,1,0,1,0,0,0,0.005,0,0.005,348,507,1,1,1,1,0,1,373,1,411,1,-,-,456,-,-,-,-,-,-,-,-,-,-
457,-,457,Yes,AJ LEE & BLUE SUMMIT,Something Special,---,-,3,0,3,1,0,1,0,1,0,0,0,0.005,0,0.005,339,435,1,1,1,1,0,1,521,1,412,1,-,-,457,-,-,-,-,-,-,-,-,-,-
458,-,458,Yes,GABE EPSTEIN,Follow The Leader,---,-,3,0,3,1,0,1,0,1,0,0,0,0.005,0,0.005,328,358,1,1,1,1,0,1,261,1,413,1,-,-,458,-,-,-,-,-,-,-,-,-,-
443,-,459,Yes,RICK FARIS,The Power Of Love,Dark Shadow,-,3,0,3,1,0,1,0,1,0,0,0,0.005,0,0.005,329,362,1,1,1,1,0,1,282,1,414,1,-,-,459,-,-,-,-,-,-,-,-,-,-
460,-,460,Yes,COUNTRY GENTLEMEN TRIBUTE BAND,Misty Mountain Rain,Patuxent,-,3,0,3,1,0,1,0,1,0,0,0,0.005,0,0.005,322,337,1,1,1,1,0,1,520,1,415,1,-,-,460,-,-,-,-,-,-,-,-,-,-
461,-,461,Yes,SERENE GREEN,Rider In The Rain,Patuxent,-,3,0,3,1,0,1,0,1,0,0,0,0.005,0,0.005,345,494,1,1,1,1,0,1,240,1,416,1,-,-,461,-,-,-,-,-,-,-,-,-,-
462,-,462,Yes,DAVE ADKINS,What I'm For,Billy Blue Records,-,3,0,3,1,0,1,0,1,0,0,0,0.005,0,0.005,313,277,1,1,1,1,0,1,355,1,417,1,-,-,462,-,-,4201,-,-,-,-,-,-,-
74,-,463,Yes,MORGAN WALLEN,Somebody's Problem,Big Loud/Republic,-,3,0,3,1,0,1,0,1,0,0,0,0.004,0,0.004,378,545,1,1,1,1,0,1,349,1,418,1,-,-,463,-,-,-,-,-,-,-,-,-,-
43,-,464,Yes,MAREN MORRIS,Dear Hate,Columbia Nashville,-,3,0,3,1,0,1,1,0,0,0,0,0.001,0,0.001,498,461,1,1,1,1,0,1,542,0,640,0,-,-,464,-,-,-,-,-,-,-,-,-,-
215,473,465,Yes,GAITHER VOCAL BAND,Make The Morning Worth...,Gaither,-,3,3,0,1,1,0,0,1,0,0,0,0.006,0.006,0,259,202,1,0,1,1,1,0,476,1,419,1,-,-,465,-,-,-,-,-,-,-,-,-,-
369,472,466,Yes,GUARDIANS,Heaven Is Happening,Daywind,-,3,3,0,1,1,0,0,1,0,0,0,0.006,0.006,0,262,203,1,0,1,1,1,0,464,1,420,1,-,-,466,-,-,-,-,-,-,-,-,-,-
441,480,467,Yes,11TH HOUR,Dear Heavenly Father,Sonlite,-,3,3,0,1,1,0,0,1,0,0,0,0.006,0.006,0,243,197,1,0,1,1,1,0,269,1,421,1,-,-,467,-,-,-,-,-,-,-,-,-,-
423,471,468,Yes,ZANE & DONNA KING,Front Porch Sittin',StowTown,-,3,3,0,1,1,0,0,1,0,0,0,0.006,0.006,0,277,209,1,0,1,1,1,0,354,1,422,1,-,-,468,-,-,-,-,-,-,-,-,-,-
412,477,469,Yes,KAREN PECK & NEW RIVER,Sheaves,Daywind,-,3,3,0,1,1,0,0,1,0,0,0,0.006,0.006,0,272,206,1,0,1,1,1,0,286,1,423,1,-,-,469,-,-,-,-,-,-,-,-,-,-
233,476,470,Yes,BRIAN FREE & ASSURANCE,Meet Me At The Cross,Daywind,-,3,3,0,1,1,0,0,1,0,0,0,0.006,0.006,0,248,198,1,0,1,1,1,0,230,1,424,1,-,-,470,-,-,-,-,-,-,-,-,-,-
121,435,471,Yes,MORGAN WALLEN,If I Know Me,Big Loud,-,3,3,0,1,1,0,0,0,0,1,0,0.006,0.006,0,307,218,1,0,1,1,1,0,343,1,425,1,-,-,471,-,-,-,-,-,-,-,-,-,-
421,484,472,Yes,GOLD CITY,Help Is On The Way,New Haven,-,3,3,0,1,1,0,0,1,0,0,0,0.006,0.001,0.005,260,268,1,0,1,1,1,0,384,1,426,1,-,-,472,-,-,-,-,-,-,-,-,-,-
423,468,473,Yes,THE KENDRICKS,Hardwood Church Pew,---,-,3,3,0,1,1,0,0,1,0,0,0,0.006,0.006,0,275,207,1,0,1,1,1,0,409,1,427,1,-,-,473,-,-,-,-,-,-,-,-,-,-
419,469,474,Yes,STEELES,Be The Reason,StowTown,-,3,3,0,1,1,0,0,1,0,0,0,0.006,0.006,0,296,211,1,0,1,1,1,0,297,1,428,1,-,-,474,-,-,-,-,-,-,-,-,-,-
291,482,475,Yes,DUSTIN LYNCH,George Strait Jr.,Broken Bow,-,3,3,0,1,1,0,0,0,1,0,0,0.005,0.005,0,340,221,1,0,1,1,1,0,341,1,429,1,-,-,475,-,-,-,-,-,-,-,-,-,-
101,446,476,Yes,MORGAN WALLEN,180 (Lifestyle),Big Loud/Mercury/Republic,-,3,3,0,1,1,0,0,0,1,0,0,0.005,0.005,0,353,226,1,0,1,1,1,0,483,1,430,1,-,-,476,-,-,-,-,-,-,-,-,-,-
82,481,477,Yes,HARDY,Nothin' Out Here f/T. Rhett,Big Loud,-,3,3,0,1,1,0,0,0,0,1,0,0.005,0.005,0,332,220,1,0,1,1,1,0,312,1,431,1,-,-,477,-,-,-,-,-,-,-,-,-,-
466,466,478,Yes,KELSEY HART,Flannel,Curb,-,3,3,0,1,1,0,0,0,0,0,1,0.002,0.002,0,475,260,1,0,1,1,1,0,382,1,641,0,-,-,478,-,-,-,-,-,-,-,-,-,-
302,487,479,Yes,KENNY CHESNEY,Just To Say We Did,Blue Chair Bay/WMN/WEA,-,3,3,0,1,1,0,0,0,0,0,1,0.002,0.002,0,469,256,1,0,1,1,1,0,247,1,642,0,-,-,479,-,-,-,-,-,-,-,-,-,-
311,311,480,,WARREN ZEIDERS,Heartbreaker,Warner/WMN/WEA,-,3,5,-2,1,2,-1,0,0,0,0,1,0.002,0.007,-0.005,486,195,1,0,1,1,2,-1,295,1,643,0,-,-,480,-,-,-,-,-,-,-,-,-,-
310,310,481,,DYLAN MARLOWE,You Did It Too,Columbia Nashville/PIA,-,3,5,-2,1,2,-1,0,0,0,0,1,0.002,0.007,-0.005,479,190,1,0,1,1,2,-1,361,1,644,0,-,-,481,-,-,-,-,-,-,-,-,-,-
29,262,482,,TOBY KEITH,Old School,Show Dog Nashville,-,3,7,-4,1,3,-2,0,0,1,0,0,0.006,0.011,-0.005,274,176,1,1,1,0.3,0.8,-0.5,242,1,432,1,-,-,482,-,-,-,-,-,-,-,-,-,-
111,255,483,,RANDALL KING,You In A Honky Tonk,Warner/WAR,-,3,8,-5,1,2,-1,0,0,0,1,0,0.006,0.009,-0.003,276,182,1,1,1,0.3,0.7,-0.3,389,1,433,1,-,-,483,-,-,-,-,-,-,-,-,-,-
206,207,484,,BLANE HOWARD,How 'Bout Those Chiefs,---,-,3,10,-7,1,4,-3,0,1,0,0,0,0.003,0.013,-0.01,415,166,1,0,1,1,4,-3,331,1,434,1,-,-,484,-,-,-,-,-,-,-,-,-,-
183,194,485,,CONNER SMITH,God Moments,Valory Music Co.,-,3,13,-10,1,5,-4,0,0,1,0,0,0.005,0.023,-0.018,347,125,1,0,1,1,5,-4,468,1,435,1,-,-,485,-,-,-,-,-,-,-,-,-,-
185,186,486,,ZACK DYER,What Good Am I,Warner Chappell,-,3,13,-10,1,5,-4,0,0,1,0,0,0.005,0.027,-0.022,326,118,1,0,1,1,5,-4,322,1,436,1,-,-,486,-,-,-,-,-,-,-,-,-,-
170,171,487,,KAMERON MARLOWE,Strangers f/Ella Langley,Columbia Nashville,-,3,16,-13,1,5,-4,0,0,0,1,0,0.006,0.019,-0.013,283,134,1,0,1,0.5,2.5,-2,425,1,437,1,-,-,487,-,-,-,-,-,-,-,-,-,-
35,856,488,Yes,TAYLOR SWIFT,I Bet You Think About Me,Republic/MCA Nashville,-,2,0,2,1,0,1,0,1,0,0,0,0.003,0,0.003,455,514,1,1,1,1,0,1,422,1,438,1,-,-,488,-,-,-,-,-,-,-,-,-,-
161,733,489,Yes,CRABB FAMILY,My King Is Known By Love,Daywind,-,2,0,2,1,0,1,0,1,0,0,0,0.003,0,0.003,401,338,1,1,1,1,0,1,489,1,439,1,-,-,489,-,-,-,-,-,-,-,-,-,-
137,852,490,Yes,KREE HARRISON,That's How Hearts Get Broken,One Vision,-,2,0,2,1,0,1,0,1,0,0,0,0.003,0,0.003,414,386,1,1,1,1,0,1,374,1,440,1,-,-,490,-,-,-,-,-,-,-,-,-,-
121,782,491,Yes,TYLER CHILDERS,Whitehouse Road,HickmanHoll/Thirty Tigers,-,2,0,2,1,0,1,0,0,0,0,1,0.001,0,0.001,489,327,1,1,1,1,0,1,345,1,645,0,-,-,491,-,-,4216,-,-,-,-,-,-,-
143,642,492,Yes,KACEY MUSGRAVES,High Time,Mercury,-,2,0,2,1,0,1,0,0,0,0,1,0.001,0,0.001,499,467,1,1,1,1,0,1,325,1,646,0,-,-,492,-,-,-,-,-,-,-,-,-,-
51,550,493,Yes,NIKO MOON,No Sad Songs,RCA Nashville,-,2,1,1,1,1,0,1,0,0,0,0,0,0,0,538,457,1,1,1,0.5,0.5,0,547,0,647,0,-,-,493,-,-,-,-,-,-,-,-,-,-
158,534,494,Yes,TAYLOR SWIFT,Sparks Fly (Taylor's Version),Republic,-,2,2,0,2,2,0,0,0,1,1,0,0,0,0,559,518,1,0,1,2,2,0,226,2,275,2,-,-,494,-,-,-,-,-,-,-,-,-,-
127,-,495,Yes,ALANA SPRINGSTEEN,you don't deserve a country...,Columbia,-,2,0,2,1,0,1,0,0,1,0,0,0.005,0,0.005,349,508,1,1,1,1,0,1,363,1,441,1,-,-,495,-,-,-,-,-,-,-,-,-,-
427,-,496,Yes,KELSEA BALLERINI,How Do I Do This,Black River/The Orchard,-,2,0,2,1,0,1,0,0,1,0,0,0.005,0,0.005,315,287,1,1,1,1,0,1,502,1,442,1,-,-,496,-,-,-,-,-,-,-,-,-,-
71,-,497,Yes,LADY GAGA,The Star-Spangled Banner,---,-,2,0,2,1,0,1,0,0,1,0,0,0.005,0,0.005,336,430,1,1,1,1,0,1,279,1,443,1,-,-,497,-,-,-,-,-,-,-,-,-,-
228,-,498,Yes,CANAAN SMITH,Cabin In The Woods,Round Here,-,2,0,2,1,0,1,0,0,1,0,0,0.005,0,0.005,346,499,1,1,1,1,0,1,280,1,444,1,-,-,498,-,-,-,-,-,-,-,-,-,-
376,-,499,Yes,THE HIGHWOMEN,Loose Change,LCS/Elektra/WMN,-,2,0,2,1,0,1,0,0,1,0,0,0.005,0,0.005,350,523,1,1,1,1,0,1,501,1,445,1,-,-,499,-,-,1677,-,-,-,-,-,-,-
384,-,500,Yes,KENDELL MARVEL,Let It Go,Easy Eye Sound,-,2,0,2,1,0,1,0,0,1,0,0,0.005,0,0.005,341,441,1,1,1,1,0,1,289,1,446,1,-,-,500,-,-,-,-,-,-,-,-,-,-
